batch_id,batch_order,batch_image_path,image_path,annotation_path,sequence_id,frame_id,split,camera_height_m,person_count,bicycle_count,scenario_hint,selection_reason,annotation_mode,annotation_status,exclude_reason,rail_annotation_status,left_rail_points,right_rail_points
railgoerl24_batch_001,1,images/train/001__2024-04-25_XRAISE_Crossing_10m_00001125.jpg,imgs/2024-04-25_TUEV_Elchingen/Crossing_10m.mp4/2024-04-25_XRAISE_Crossing_10m_00001125.jpg,annots/2024-04-25_TUEV_Elchingen/Crossing_10m.mp4/2024-04-25_XRAISE_Crossing_10m_00001125.xml,2024-04-25_TUEV_Elchingen/Crossing_10m.mp4,1125,train,2.45,1,0,normal,sequence_coverage,prelabel_then_review,pending,,pending,,
railgoerl24_batch_001,2,images/train/002__2024-04-25_XRAISE_Crossing_10m_00002925.jpg,imgs/2024-04-25_TUEV_Elchingen/Crossing_10m.mp4/2024-04-25_XRAISE_Crossing_10m_00002925.jpg,annots/2024-04-25_TUEV_Elchingen/Crossing_10m.mp4/2024-04-25_XRAISE_Crossing_10m_00002925.xml,2024-04-25_TUEV_Elchingen/Crossing_10m.mp4,2925,train,2.45,3,0,normal,sequence_coverage,prelabel_then_review,pending,,pending,,
railgoerl24_batch_001,3,images/train/003__2024-04-25_XRAISE_Crossing_10m_00003375.jpg,imgs/2024-04-25_TUEV_Elchingen/Crossing_10m.mp4/2024-04-25_XRAISE_Crossing_10m_00003375.jpg,annots/2024-04-25_TUEV_Elchingen/Crossing_10m.mp4/2024-04-25_XRAISE_Crossing_10m_00003375.xml,2024-04-25_TUEV_Elchingen/Crossing_10m.mp4,3375,train,2.45,4,0,normal,hard_case_extension,prelabel_then_review,pending,,pending,,
railgoerl24_batch_001,4,images/train/004__2024-04-25_XRAISE_Crossing_40m_00001545.jpg,imgs/2024-04-25_TUEV_Elchingen/Crossing_40m.mp4/2024-04-25_XRAISE_Crossing_40m_00001545.jpg,annots/2024-04-25_TUEV_Elchingen/Crossing_40m.mp4/2024-04-25_XRAISE_Crossing_40m_00001545.xml,2024-04-25_TUEV_Elchingen/Crossing_40m.mp4,1545,train,2.45,5,0,normal,sequence_coverage,prelabel_then_review,pending,,pending,,
railgoerl24_batch_001,5,images/train/005__2024-04-25_XRAISE_Crossing_40m_00002775.jpg,imgs/2024-04-25_TUEV_Elchingen/Crossing_40m.mp4/2024-04-25_XRAISE_Crossing_40m_00002775.jpg,annots/2024-04-25_TUEV_Elchingen/Crossing_40m.mp4/2024-04-25_XRAISE_Crossing_40m_00002775.xml,2024-04-25_TUEV_Elchingen/Crossing_40m.mp4,2775,train,2.45,6,0,normal,hard_case_extension,prelabel_then_review,pending,,pending,,
railgoerl24_batch_001,6,images/train/006__2024-04-25_XRAISE_Crossing_40m_00004020.jpg,imgs/2024-04-25_TUEV_Elchingen/Crossing_40m.mp4/2024-04-25_XRAISE_Crossing_40m_00004020.jpg,annots/2024-04-25_TUEV_Elchingen/Crossing_40m.mp4/2024-04-25_XRAISE_Crossing_40m_00004020.xml,2024-04-25_TUEV_Elchingen/Crossing_40m.mp4,4020,train,2.45,6,0,normal,sequence_coverage,prelabel_then_review,pending,,pending,,
railgoerl24_batch_001,7,images/train/007__2024-04-25_XRAISE_Crossing_80_Front_Teil1_00001470.jpg,imgs/2024-04-25_TUEV_Elchingen/Crossing_80_Front_Teil1.mp4/2024-04-25_XRAISE_Crossing_80_Front_Teil1_00001470.jpg,annots/2024-04-25_TUEV_Elchingen/Crossing_80_Front_Teil1.mp4/2024-04-25_XRAISE_Crossing_80_Front_Teil1_00001470.xml,2024-04-25_TUEV_Elchingen/Crossing_80_Front_Teil1.mp4,1470,train,2.45,1,0,normal,sequence_coverage,prelabel_then_review,pending,,pending,,
railgoerl24_batch_001,8,images/train/008__2024-04-25_XRAISE_Crossing_80_Front_Teil1_00003840.jpg,imgs/2024-04-25_TUEV_Elchingen/Crossing_80_Front_Teil1.mp4/2024-04-25_XRAISE_Crossing_80_Front_Teil1_00003840.jpg,annots/2024-04-25_TUEV_Elchingen/Crossing_80_Front_Teil1.mp4/2024-04-25_XRAISE_Crossing_80_Front_Teil1_00003840.xml,2024-04-25_TUEV_Elchingen/Crossing_80_Front_Teil1.mp4,3840,train,2.45,2,0,normal,sequence_coverage,prelabel_then_review,pending,,pending,,
railgoerl24_batch_001,9,images/train/009__2024-04-25_XRAISE_Crossing_80_Front_Teil1_00004440.jpg,imgs/2024-04-25_TUEV_Elchingen/Crossing_80_Front_Teil1.mp4/2024-04-25_XRAISE_Crossing_80_Front_Teil1_00004440.jpg,annots/2024-04-25_TUEV_Elchingen/Crossing_80_Front_Teil1.mp4/2024-04-25_XRAISE_Crossing_80_Front_Teil1_00004440.xml,2024-04-25_TUEV_Elchingen/Crossing_80_Front_Teil1.mp4,4440,train,2.45,2,0,normal,hard_case_extension,prelabel_then_review,pending,,pending,,
railgoerl24_batch_001,10,images/train/010__2024-04-25_XRAISE_Crossing_80_Front_Teil2_Balancieren_00000555.jpg,imgs/2024-04-25_TUEV_Elchingen/Crossing_80_Front_Teil2_Balancieren.mp4/2024-04-25_XRAISE_Crossing_80_Front_Teil2_Balancieren_00000555.jpg,annots/2024-04-25_TUEV_Elchingen/Crossing_80_Front_Teil2_Balancieren.mp4/2024-04-25_XRAISE_Crossing_80_Front_Teil2_Balancieren_00000555.xml,2024-04-25_TUEV_Elchingen/Crossing_80_Front_Teil2_Balancieren.mp4,555,train,2.45,3,0,normal,hard_case_extension,prelabel_then_review,pending,,pending,,
railgoerl24_batch_001,11,images/train/011__2024-04-25_XRAISE_Crossing_80_Front_Teil2_Balancieren_00000930.jpg,imgs/2024-04-25_TUEV_Elchingen/Crossing_80_Front_Teil2_Balancieren.mp4/2024-04-25_XRAISE_Crossing_80_Front_Teil2_Balancieren_00000930.jpg,annots/2024-04-25_TUEV_Elchingen/Crossing_80_Front_Teil2_Balancieren.mp4/2024-04-25_XRAISE_Crossing_80_Front_Teil2_Balancieren_00000930.xml,2024-04-25_TUEV_Elchingen/Crossing_80_Front_Teil2_Balancieren.mp4,930,train,2.45,2,0,normal,sequence_coverage,prelabel_then_review,pending,,pending,,
railgoerl24_batch_001,12,images/train/012__2024-04-25_XRAISE_Crossing_80_Front_Teil2_Balancieren_00002430.jpg,imgs/2024-04-25_TUEV_Elchingen/Crossing_80_Front_Teil2_Balancieren.mp4/2024-04-25_XRAISE_Crossing_80_Front_Teil2_Balancieren_00002430.jpg,annots/2024-04-25_TUEV_Elchingen/Crossing_80_Front_Teil2_Balancieren.mp4/2024-04-25_XRAISE_Crossing_80_Front_Teil2_Balancieren_00002430.xml,2024-04-25_TUEV_Elchingen/Crossing_80_Front_Teil2_Balancieren.mp4,2430,train,2.45,1,0,normal,sequence_coverage,prelabel_then_review,pending,,pending,,
railgoerl24_batch_001,13,images/train/013__2024-04-25_XRAISE_Crossing_80_Front_Teil3_Rentner_00001125.jpg,imgs/2024-04-25_TUEV_Elchingen/Crossing_80_Front_Teil3_Rentner.mp4/2024-04-25_XRAISE_Crossing_80_Front_Teil3_Rentner_00001125.jpg,annots/2024-04-25_TUEV_Elchingen/Crossing_80_Front_Teil3_Rentner.mp4/2024-04-25_XRAISE_Crossing_80_Front_Teil3_Rentner_00001125.xml,2024-04-25_TUEV_Elchingen/Crossing_80_Front_Teil3_Rentner.mp4,1125,train,2.45,2,0,normal,sequence_coverage,prelabel_then_review,pending,,pending,,
railgoerl24_batch_001,14,images/train/014__2024-04-25_XRAISE_Crossing_80_Front_Teil3_Rentner_00002925.jpg,imgs/2024-04-25_TUEV_Elchingen/Crossing_80_Front_Teil3_Rentner.mp4/2024-04-25_XRAISE_Crossing_80_Front_Teil3_Rentner_00002925.jpg,annots/2024-04-25_TUEV_Elchingen/Crossing_80_Front_Teil3_Rentner.mp4/2024-04-25_XRAISE_Crossing_80_Front_Teil3_Rentner_00002925.xml,2024-04-25_TUEV_Elchingen/Crossing_80_Front_Teil3_Rentner.mp4,2925,train,2.45,1,0,normal,sequence_coverage,prelabel_then_review,pending,,pending,,
railgoerl24_batch_001,15,images/train/015__2024-04-25_XRAISE_Fuzzy-Betrunkene_00000495.jpg,imgs/2024-04-25_TUEV_Elchingen/Fuzzy-Betrunkene.mp4/2024-04-25_XRAISE_Fuzzy-Betrunkene_00000495.jpg,annots/2024-04-25_TUEV_Elchingen/Fuzzy-Betrunkene.mp4/2024-04-25_XRAISE_Fuzzy-Betrunkene_00000495.xml,2024-04-25_TUEV_Elchingen/Fuzzy-Betrunkene.mp4,495,train,2.45,7,0,normal,sequence_coverage,prelabel_then_review,pending,,pending,,
railgoerl24_batch_001,16,images/train/016__2024-04-25_XRAISE_Fuzzy-Betrunkene_00001110.jpg,imgs/2024-04-25_TUEV_Elchingen/Fuzzy-Betrunkene.mp4/2024-04-25_XRAISE_Fuzzy-Betrunkene_00001110.jpg,annots/2024-04-25_TUEV_Elchingen/Fuzzy-Betrunkene.mp4/2024-04-25_XRAISE_Fuzzy-Betrunkene_00001110.xml,2024-04-25_TUEV_Elchingen/Fuzzy-Betrunkene.mp4,1110,train,2.45,11,0,normal,hard_case_extension,prelabel_then_review,pending,,pending,,
railgoerl24_batch_001,17,images/train/017__2024-04-25_XRAISE_Fuzzy-Betrunkene_00001305.jpg,imgs/2024-04-25_TUEV_Elchingen/Fuzzy-Betrunkene.mp4/2024-04-25_XRAISE_Fuzzy-Betrunkene_00001305.jpg,annots/2024-04-25_TUEV_Elchingen/Fuzzy-Betrunkene.mp4/2024-04-25_XRAISE_Fuzzy-Betrunkene_00001305.xml,2024-04-25_TUEV_Elchingen/Fuzzy-Betrunkene.mp4,1305,train,2.45,8,0,normal,sequence_coverage,prelabel_then_review,pending,,pending,,
railgoerl24_batch_001,18,images/train/018__2024-04-25_XRAISE_Fuzzy-KinderMenschengruppe1_00001335.jpg,imgs/2024-04-25_TUEV_Elchingen/Fuzzy-KinderMenschengruppe1.mp4/2024-04-25_XRAISE_Fuzzy-KinderMenschengruppe1_00001335.jpg,annots/2024-04-25_TUEV_Elchingen/Fuzzy-KinderMenschengruppe1.mp4/2024-04-25_XRAISE_Fuzzy-KinderMenschengruppe1_00001335.xml,2024-04-25_TUEV_Elchingen/Fuzzy-KinderMenschengruppe1.mp4,1335,train,2.45,7,0,normal,sequence_coverage,prelabel_then_review,pending,,pending,,
railgoerl24_batch_001,19,images/train/019__2024-04-25_XRAISE_Fuzzy-KinderMenschengruppe1_00002415.jpg,imgs/2024-04-25_TUEV_Elchingen/Fuzzy-KinderMenschengruppe1.mp4/2024-04-25_XRAISE_Fuzzy-KinderMenschengruppe1_00002415.jpg,annots/2024-04-25_TUEV_Elchingen/Fuzzy-KinderMenschengruppe1.mp4/2024-04-25_XRAISE_Fuzzy-KinderMenschengruppe1_00002415.xml,2024-04-25_TUEV_Elchingen/Fuzzy-KinderMenschengruppe1.mp4,2415,train,2.45,10,0,normal,hard_case_extension,prelabel_then_review,pending,,pending,,
railgoerl24_batch_001,20,images/train/020__2024-04-25_XRAISE_Fuzzy-KinderMenschengruppe1_00003495.jpg,imgs/2024-04-25_TUEV_Elchingen/Fuzzy-KinderMenschengruppe1.mp4/2024-04-25_XRAISE_Fuzzy-KinderMenschengruppe1_00003495.jpg,annots/2024-04-25_TUEV_Elchingen/Fuzzy-KinderMenschengruppe1.mp4/2024-04-25_XRAISE_Fuzzy-KinderMenschengruppe1_00003495.xml,2024-04-25_TUEV_Elchingen/Fuzzy-KinderMenschengruppe1.mp4,3495,train,2.45,10,0,normal,sequence_coverage,prelabel_then_review,pending,,pending,,
railgoerl24_batch_001,21,images/train/021__2024-04-25_XRAISE_Gegenlicht-Gruppe_1_00000990.jpg,imgs/2024-04-25_TUEV_Elchingen/Gegenlicht-Gruppe_1.mp4/2024-04-25_XRAISE_Gegenlicht-Gruppe_1_00000990.jpg,annots/2024-04-25_TUEV_Elchingen/Gegenlicht-Gruppe_1.mp4/2024-04-25_XRAISE_Gegenlicht-Gruppe_1_00000990.xml,2024-04-25_TUEV_Elchingen/Gegenlicht-Gruppe_1.mp4,990,train,2.45,8,0,normal,sequence_coverage,prelabel_then_review,pending,,pending,,
railgoerl24_batch_001,22,images/train/022__2024-04-25_XRAISE_Gegenlicht-Gruppe_1_00002175.jpg,imgs/2024-04-25_TUEV_Elchingen/Gegenlicht-Gruppe_1.mp4/2024-04-25_XRAISE_Gegenlicht-Gruppe_1_00002175.jpg,annots/2024-04-25_TUEV_Elchingen/Gegenlicht-Gruppe_1.mp4/2024-04-25_XRAISE_Gegenlicht-Gruppe_1_00002175.xml,2024-04-25_TUEV_Elchingen/Gegenlicht-Gruppe_1.mp4,2175,train,2.45,9,0,normal,hard_case_extension,prelabel_then_review,pending,,pending,,
railgoerl24_batch_001,23,images/train/023__2024-04-25_XRAISE_Gegenlicht-Gruppe_1_00002580.jpg,imgs/2024-04-25_TUEV_Elchingen/Gegenlicht-Gruppe_1.mp4/2024-04-25_XRAISE_Gegenlicht-Gruppe_1_00002580.jpg,annots/2024-04-25_TUEV_Elchingen/Gegenlicht-Gruppe_1.mp4/2024-04-25_XRAISE_Gegenlicht-Gruppe_1_00002580.xml,2024-04-25_TUEV_Elchingen/Gegenlicht-Gruppe_1.mp4,2580,train,2.45,6,0,normal,sequence_coverage,prelabel_then_review,pending,,pending,,
railgoerl24_batch_001,24,images/train/024__2024-04-25_XRAISE_Gegenstaende auf Gleis_00000645.jpg,imgs/2024-04-25_TUEV_Elchingen/Gegenstaende auf Gleis.mp4/2024-04-25_XRAISE_Gegenstaende auf Gleis_00000645.jpg,annots/2024-04-25_TUEV_Elchingen/Gegenstaende auf Gleis.mp4/2024-04-25_XRAISE_Gegenstaende auf Gleis_00000645.xml,2024-04-25_TUEV_Elchingen/Gegenstaende auf Gleis.mp4,645,train,2.45,0,0,object_on_track,sequence_coverage,prelabel_then_review,pending,,pending,,
railgoerl24_batch_001,25,images/train/025__2024-04-25_XRAISE_Gegenstaende auf Gleis_00001680.jpg,imgs/2024-04-25_TUEV_Elchingen/Gegenstaende auf Gleis.mp4/2024-04-25_XRAISE_Gegenstaende auf Gleis_00001680.jpg,annots/2024-04-25_TUEV_Elchingen/Gegenstaende auf Gleis.mp4/2024-04-25_XRAISE_Gegenstaende auf Gleis_00001680.xml,2024-04-25_TUEV_Elchingen/Gegenstaende auf Gleis.mp4,1680,train,2.45,0,0,object_on_track,sequence_coverage,prelabel_then_review,pending,,pending,,
railgoerl24_batch_001,26,images/train/026__2024-04-25_XRAISE_Gegenstaende auf Gleis_00001935.jpg,imgs/2024-04-25_TUEV_Elchingen/Gegenstaende auf Gleis.mp4/2024-04-25_XRAISE_Gegenstaende auf Gleis_00001935.jpg,annots/2024-04-25_TUEV_Elchingen/Gegenstaende auf Gleis.mp4/2024-04-25_XRAISE_Gegenstaende auf Gleis_00001935.xml,2024-04-25_TUEV_Elchingen/Gegenstaende auf Gleis.mp4,1935,train,2.45,0,0,object_on_track,hard_case_extension,prelabel_then_review,pending,,pending,,
railgoerl24_batch_001,27,images/train/027__2024-04-25_XRAISE_Gegenstaende auf Gleis2_00001380.jpg,imgs/2024-04-25_TUEV_Elchingen/Gegenstaende auf Gleis2.mp4/2024-04-25_XRAISE_Gegenstaende auf Gleis2_00001380.jpg,annots/2024-04-25_TUEV_Elchingen/Gegenstaende auf Gleis2.mp4/2024-04-25_XRAISE_Gegenstaende auf Gleis2_00001380.xml,2024-04-25_TUEV_Elchingen/Gegenstaende auf Gleis2.mp4,1380,train,2.45,1,0,object_on_track,sequence_coverage,prelabel_then_review,pending,,pending,,
railgoerl24_batch_001,28,images/train/028__2024-04-25_XRAISE_Gegenstaende auf Gleis2_00003585.jpg,imgs/2024-04-25_TUEV_Elchingen/Gegenstaende auf Gleis2.mp4/2024-04-25_XRAISE_Gegenstaende auf Gleis2_00003585.jpg,annots/2024-04-25_TUEV_Elchingen/Gegenstaende auf Gleis2.mp4/2024-04-25_XRAISE_Gegenstaende auf Gleis2_00003585.xml,2024-04-25_TUEV_Elchingen/Gegenstaende auf Gleis2.mp4,3585,train,2.45,0,1,object_on_track,sequence_coverage,prelabel_then_review,pending,,pending,,
railgoerl24_batch_001,29,images/train/029__2024-04-25_XRAISE_Gegenstaende auf Gleis2_00004140.jpg,imgs/2024-04-25_TUEV_Elchingen/Gegenstaende auf Gleis2.mp4/2024-04-25_XRAISE_Gegenstaende auf Gleis2_00004140.jpg,annots/2024-04-25_TUEV_Elchingen/Gegenstaende auf Gleis2.mp4/2024-04-25_XRAISE_Gegenstaende auf Gleis2_00004140.xml,2024-04-25_TUEV_Elchingen/Gegenstaende auf Gleis2.mp4,4140,train,2.45,5,1,object_on_track,hard_case_extension,prelabel_then_review,pending,,pending,,
railgoerl24_batch_001,30,images/train/030__2024-04-25_XRAISE_Gegenstaende auf Gleis3_00001050.jpg,imgs/2024-04-25_TUEV_Elchingen/Gegenstaende auf Gleis3.mp4/2024-04-25_XRAISE_Gegenstaende auf Gleis3_00001050.jpg,annots/2024-04-25_TUEV_Elchingen/Gegenstaende auf Gleis3.mp4/2024-04-25_XRAISE_Gegenstaende auf Gleis3_00001050.xml,2024-04-25_TUEV_Elchingen/Gegenstaende auf Gleis3.mp4,1050,train,2.45,0,1,object_on_track,sequence_coverage,prelabel_then_review,pending,,pending,,
railgoerl24_batch_001,31,images/train/031__2024-04-25_XRAISE_Gegenstaende auf Gleis3_00001890.jpg,imgs/2024-04-25_TUEV_Elchingen/Gegenstaende auf Gleis3.mp4/2024-04-25_XRAISE_Gegenstaende auf Gleis3_00001890.jpg,annots/2024-04-25_TUEV_Elchingen/Gegenstaende auf Gleis3.mp4/2024-04-25_XRAISE_Gegenstaende auf Gleis3_00001890.xml,2024-04-25_TUEV_Elchingen/Gegenstaende auf Gleis3.mp4,1890,train,2.45,0,1,object_on_track,hard_case_extension,prelabel_then_review,pending,,pending,,
railgoerl24_batch_001,32,images/train/032__2024-04-25_XRAISE_Gegenstaende auf Gleis3_00002730.jpg,imgs/2024-04-25_TUEV_Elchingen/Gegenstaende auf Gleis3.mp4/2024-04-25_XRAISE_Gegenstaende auf Gleis3_00002730.jpg,annots/2024-04-25_TUEV_Elchingen/Gegenstaende auf Gleis3.mp4/2024-04-25_XRAISE_Gegenstaende auf Gleis3_00002730.xml,2024-04-25_TUEV_Elchingen/Gegenstaende auf Gleis3.mp4,2730,train,2.45,0,0,object_on_track,sequence_coverage,prelabel_then_review,pending,,pending,,
railgoerl24_batch_001,33,images/train/033__2024-04-25_XRAISE_Gegenstaende auf Gleis4_00000480.jpg,imgs/2024-04-25_TUEV_Elchingen/Gegenstaende auf Gleis4.mp4/2024-04-25_XRAISE_Gegenstaende auf Gleis4_00000480.jpg,annots/2024-04-25_TUEV_Elchingen/Gegenstaende auf Gleis4.mp4/2024-04-25_XRAISE_Gegenstaende auf Gleis4_00000480.xml,2024-04-25_TUEV_Elchingen/Gegenstaende auf Gleis4.mp4,480,train,2.45,0,0,object_on_track,sequence_coverage,prelabel_then_review,pending,,pending,,
railgoerl24_batch_001,34,images/train/034__2024-04-25_XRAISE_Gegenstaende auf Gleis4_00001260.jpg,imgs/2024-04-25_TUEV_Elchingen/Gegenstaende auf Gleis4.mp4/2024-04-25_XRAISE_Gegenstaende auf Gleis4_00001260.jpg,annots/2024-04-25_TUEV_Elchingen/Gegenstaende auf Gleis4.mp4/2024-04-25_XRAISE_Gegenstaende auf Gleis4_00001260.xml,2024-04-25_TUEV_Elchingen/Gegenstaende auf Gleis4.mp4,1260,train,2.45,0,0,object_on_track,sequence_coverage,prelabel_then_review,pending,,pending,,
railgoerl24_batch_001,35,images/train/035__2024-04-25_XRAISE_Gegenstaende auf Gleis4_00001455.jpg,imgs/2024-04-25_TUEV_Elchingen/Gegenstaende auf Gleis4.mp4/2024-04-25_XRAISE_Gegenstaende auf Gleis4_00001455.jpg,annots/2024-04-25_TUEV_Elchingen/Gegenstaende auf Gleis4.mp4/2024-04-25_XRAISE_Gegenstaende auf Gleis4_00001455.xml,2024-04-25_TUEV_Elchingen/Gegenstaende auf Gleis4.mp4,1455,train,2.45,0,0,object_on_track,hard_case_extension,prelabel_then_review,pending,,pending,,
railgoerl24_batch_001,36,images/train/036__2024-04-25_XRAISE_Karnevalkostuem-Scholz_00000630.jpg,imgs/2024-04-25_TUEV_Elchingen/Karnevalkostuem-Scholz.mp4/2024-04-25_XRAISE_Karnevalkostuem-Scholz_00000630.jpg,annots/2024-04-25_TUEV_Elchingen/Karnevalkostuem-Scholz.mp4/2024-04-25_XRAISE_Karnevalkostuem-Scholz_00000630.xml,2024-04-25_TUEV_Elchingen/Karnevalkostuem-Scholz.mp4,630,train,2.45,1,0,normal,sequence_coverage,prelabel_then_review,pending,,pending,,
railgoerl24_batch_001,37,images/train/037__2024-04-25_XRAISE_Karnevalkostuem-Scholz_00001635.jpg,imgs/2024-04-25_TUEV_Elchingen/Karnevalkostuem-Scholz.mp4/2024-04-25_XRAISE_Karnevalkostuem-Scholz_00001635.jpg,annots/2024-04-25_TUEV_Elchingen/Karnevalkostuem-Scholz.mp4/2024-04-25_XRAISE_Karnevalkostuem-Scholz_00001635.xml,2024-04-25_TUEV_Elchingen/Karnevalkostuem-Scholz.mp4,1635,train,2.45,0,0,normal,sequence_coverage,prelabel_then_review,pending,,pending,,
railgoerl24_batch_001,38,images/train/038__2024-04-25_XRAISE_Karnevalkostuem_00000135.jpg,imgs/2024-04-25_TUEV_Elchingen/Karnevalkostuem.mp4/2024-04-25_XRAISE_Karnevalkostuem_00000135.jpg,annots/2024-04-25_TUEV_Elchingen/Karnevalkostuem.mp4/2024-04-25_XRAISE_Karnevalkostuem_00000135.xml,2024-04-25_TUEV_Elchingen/Karnevalkostuem.mp4,135,train,2.45,4,0,normal,hard_case_extension,prelabel_then_review,pending,,pending,,
railgoerl24_batch_001,39,images/train/039__2024-04-25_XRAISE_Karnevalkostuem_00000690.jpg,imgs/2024-04-25_TUEV_Elchingen/Karnevalkostuem.mp4/2024-04-25_XRAISE_Karnevalkostuem_00000690.jpg,annots/2024-04-25_TUEV_Elchingen/Karnevalkostuem.mp4/2024-04-25_XRAISE_Karnevalkostuem_00000690.xml,2024-04-25_TUEV_Elchingen/Karnevalkostuem.mp4,690,train,2.45,1,0,normal,sequence_coverage,prelabel_then_review,pending,,pending,,
railgoerl24_batch_001,40,images/train/040__2024-04-25_XRAISE_Karnevalkostuem_00001800.jpg,imgs/2024-04-25_TUEV_Elchingen/Karnevalkostuem.mp4/2024-04-25_XRAISE_Karnevalkostuem_00001800.jpg,annots/2024-04-25_TUEV_Elchingen/Karnevalkostuem.mp4/2024-04-25_XRAISE_Karnevalkostuem_00001800.xml,2024-04-25_TUEV_Elchingen/Karnevalkostuem.mp4,1800,train,2.45,0,0,normal,sequence_coverage,prelabel_then_review,pending,,pending,,
railgoerl24_batch_001,41,images/train/041__2024-04-25_XRAISE_NSZ10_1_00000435.jpg,imgs/2024-04-25_TUEV_Elchingen/NSZ10_1.mp4/2024-04-25_XRAISE_NSZ10_1_00000435.jpg,annots/2024-04-25_TUEV_Elchingen/NSZ10_1.mp4/2024-04-25_XRAISE_NSZ10_1_00000435.xml,2024-04-25_TUEV_Elchingen/NSZ10_1.mp4,435,train,2.45,1,0,normal,sequence_coverage,prelabel_then_review,pending,,pending,,
railgoerl24_batch_001,42,images/train/042__2024-04-25_XRAISE_NSZ10_1_00001155.jpg,imgs/2024-04-25_TUEV_Elchingen/NSZ10_1.mp4/2024-04-25_XRAISE_NSZ10_1_00001155.jpg,annots/2024-04-25_TUEV_Elchingen/NSZ10_1.mp4/2024-04-25_XRAISE_NSZ10_1_00001155.xml,2024-04-25_TUEV_Elchingen/NSZ10_1.mp4,1155,train,2.45,1,0,normal,sequence_coverage,prelabel_then_review,pending,,pending,,
railgoerl24_batch_001,43,images/train/043__2024-04-25_XRAISE_NSZ10_2_00000375.jpg,imgs/2024-04-25_TUEV_Elchingen/NSZ10_2.mp4/2024-04-25_XRAISE_NSZ10_2_00000375.jpg,annots/2024-04-25_TUEV_Elchingen/NSZ10_2.mp4/2024-04-25_XRAISE_NSZ10_2_00000375.xml,2024-04-25_TUEV_Elchingen/NSZ10_2.mp4,375,train,2.45,1,0,normal,sequence_coverage,prelabel_then_review,pending,,pending,,
railgoerl24_batch_001,44,images/train/044__2024-04-25_XRAISE_NSZ10_2_00000975.jpg,imgs/2024-04-25_TUEV_Elchingen/NSZ10_2.mp4/2024-04-25_XRAISE_NSZ10_2_00000975.jpg,annots/2024-04-25_TUEV_Elchingen/NSZ10_2.mp4/2024-04-25_XRAISE_NSZ10_2_00000975.xml,2024-04-25_TUEV_Elchingen/NSZ10_2.mp4,975,train,2.45,1,0,normal,sequence_coverage,prelabel_then_review,pending,,pending,,
railgoerl24_batch_001,45,images/train/045__2024-04-25_XRAISE_NSZ10_3_00000495.jpg,imgs/2024-04-25_TUEV_Elchingen/NSZ10_3.mp4/2024-04-25_XRAISE_NSZ10_3_00000495.jpg,annots/2024-04-25_TUEV_Elchingen/NSZ10_3.mp4/2024-04-25_XRAISE_NSZ10_3_00000495.xml,2024-04-25_TUEV_Elchingen/NSZ10_3.mp4,495,train,2.45,1,0,normal,sequence_coverage,prelabel_then_review,pending,,pending,,
railgoerl24_batch_001,46,images/train/046__2024-04-25_XRAISE_NSZ10_3_00001290.jpg,imgs/2024-04-25_TUEV_Elchingen/NSZ10_3.mp4/2024-04-25_XRAISE_NSZ10_3_00001290.jpg,annots/2024-04-25_TUEV_Elchingen/NSZ10_3.mp4/2024-04-25_XRAISE_NSZ10_3_00001290.xml,2024-04-25_TUEV_Elchingen/NSZ10_3.mp4,1290,train,2.45,1,0,normal,sequence_coverage,prelabel_then_review,pending,,pending,,
railgoerl24_batch_001,47,images/train/047__2024-04-25_XRAISE_NSZ10_4_00000435.jpg,imgs/2024-04-25_TUEV_Elchingen/NSZ10_4.mp4/2024-04-25_XRAISE_NSZ10_4_00000435.jpg,annots/2024-04-25_TUEV_Elchingen/NSZ10_4.mp4/2024-04-25_XRAISE_NSZ10_4_00000435.xml,2024-04-25_TUEV_Elchingen/NSZ10_4.mp4,435,train,2.45,1,0,normal,sequence_coverage,prelabel_then_review,pending,,pending,,
railgoerl24_batch_001,48,images/train/048__2024-04-25_XRAISE_NSZ10_4_00001155.jpg,imgs/2024-04-25_TUEV_Elchingen/NSZ10_4.mp4/2024-04-25_XRAISE_NSZ10_4_00001155.jpg,annots/2024-04-25_TUEV_Elchingen/NSZ10_4.mp4/2024-04-25_XRAISE_NSZ10_4_00001155.xml,2024-04-25_TUEV_Elchingen/NSZ10_4.mp4,1155,train,2.45,1,0,normal,sequence_coverage,prelabel_then_review,pending,,pending,,
railgoerl24_batch_001,49,images/train/049__2024-04-25_XRAISE_NSZ2_10_1_RentnerMitKrueke_00000420.jpg,imgs/2024-04-25_TUEV_Elchingen/NSZ2_10_1_RentnerMitKrueke.mp4/2024-04-25_XRAISE_NSZ2_10_1_RentnerMitKrueke_00000420.jpg,annots/2024-04-25_TUEV_Elchingen/NSZ2_10_1_RentnerMitKrueke.mp4/2024-04-25_XRAISE_NSZ2_10_1_RentnerMitKrueke_00000420.xml,2024-04-25_TUEV_Elchingen/NSZ2_10_1_RentnerMitKrueke.mp4,420,train,2.45,1,0,normal,sequence_coverage,prelabel_then_review,pending,,pending,,
railgoerl24_batch_001,50,images/train/050__2024-04-25_XRAISE_NSZ2_10_1_RentnerMitKrueke_00001110.jpg,imgs/2024-04-25_TUEV_Elchingen/NSZ2_10_1_RentnerMitKrueke.mp4/2024-04-25_XRAISE_NSZ2_10_1_RentnerMitKrueke_00001110.jpg,annots/2024-04-25_TUEV_Elchingen/NSZ2_10_1_RentnerMitKrueke.mp4/2024-04-25_XRAISE_NSZ2_10_1_RentnerMitKrueke_00001110.xml,2024-04-25_TUEV_Elchingen/NSZ2_10_1_RentnerMitKrueke.mp4,1110,train,2.45,1,0,normal,sequence_coverage,prelabel_then_review,pending,,pending,,
railgoerl24_batch_001,51,images/train/051__2024-04-25_XRAISE_NSZ2_10_2_00000330.jpg,imgs/2024-04-25_TUEV_Elchingen/NSZ2_10_2.mp4/2024-04-25_XRAISE_NSZ2_10_2_00000330.jpg,annots/2024-04-25_TUEV_Elchingen/NSZ2_10_2.mp4/2024-04-25_XRAISE_NSZ2_10_2_00000330.xml,2024-04-25_TUEV_Elchingen/NSZ2_10_2.mp4,330,train,2.45,1,0,normal,sequence_coverage,prelabel_then_review,pending,,pending,,
railgoerl24_batch_001,52,images/train/052__2024-04-25_XRAISE_NSZ2_10_2_00000885.jpg,imgs/2024-04-25_TUEV_Elchingen/NSZ2_10_2.mp4/2024-04-25_XRAISE_NSZ2_10_2_00000885.jpg,annots/2024-04-25_TUEV_Elchingen/NSZ2_10_2.mp4/2024-04-25_XRAISE_NSZ2_10_2_00000885.xml,2024-04-25_TUEV_Elchingen/NSZ2_10_2.mp4,885,train,2.45,1,0,normal,sequence_coverage,prelabel_then_review,pending,,pending,,
railgoerl24_batch_001,53,images/train/053__2024-04-25_XRAISE_NSZ2_10_2_00001020.jpg,imgs/2024-04-25_TUEV_Elchingen/NSZ2_10_2.mp4/2024-04-25_XRAISE_NSZ2_10_2_00001020.jpg,annots/2024-04-25_TUEV_Elchingen/NSZ2_10_2.mp4/2024-04-25_XRAISE_NSZ2_10_2_00001020.xml,2024-04-25_TUEV_Elchingen/NSZ2_10_2.mp4,1020,train,2.45,2,0,normal,hard_case_extension,prelabel_then_review,pending,,pending,,
railgoerl24_batch_001,54,images/train/054__2024-04-25_XRAISE_NSZ2_10_3_00000300.jpg,imgs/2024-04-25_TUEV_Elchingen/NSZ2_10_3.mp4/2024-04-25_XRAISE_NSZ2_10_3_00000300.jpg,annots/2024-04-25_TUEV_Elchingen/NSZ2_10_3.mp4/2024-04-25_XRAISE_NSZ2_10_3_00000300.xml,2024-04-25_TUEV_Elchingen/NSZ2_10_3.mp4,300,train,2.45,1,0,normal,sequence_coverage,prelabel_then_review,pending,,pending,,
railgoerl24_batch_001,55,images/train/055__2024-04-25_XRAISE_NSZ2_10_3_00000780.jpg,imgs/2024-04-25_TUEV_Elchingen/NSZ2_10_3.mp4/2024-04-25_XRAISE_NSZ2_10_3_00000780.jpg,annots/2024-04-25_TUEV_Elchingen/NSZ2_10_3.mp4/2024-04-25_XRAISE_NSZ2_10_3_00000780.xml,2024-04-25_TUEV_Elchingen/NSZ2_10_3.mp4,780,train,2.45,2,0,normal,sequence_coverage,prelabel_then_review,pending,,pending,,
railgoerl24_batch_001,56,images/train/056__2024-04-25_XRAISE_NSZ2_10_4_00000315.jpg,imgs/2024-04-25_TUEV_Elchingen/NSZ2_10_4.mp4/2024-04-25_XRAISE_NSZ2_10_4_00000315.jpg,annots/2024-04-25_TUEV_Elchingen/NSZ2_10_4.mp4/2024-04-25_XRAISE_NSZ2_10_4_00000315.xml,2024-04-25_TUEV_Elchingen/NSZ2_10_4.mp4,315,train,2.45,1,0,normal,sequence_coverage,prelabel_then_review,pending,,pending,,
railgoerl24_batch_001,57,images/train/057__2024-04-25_XRAISE_NSZ2_10_4_00000840.jpg,imgs/2024-04-25_TUEV_Elchingen/NSZ2_10_4.mp4/2024-04-25_XRAISE_NSZ2_10_4_00000840.jpg,annots/2024-04-25_TUEV_Elchingen/NSZ2_10_4.mp4/2024-04-25_XRAISE_NSZ2_10_4_00000840.xml,2024-04-25_TUEV_Elchingen/NSZ2_10_4.mp4,840,train,2.45,1,0,normal,sequence_coverage,prelabel_then_review,pending,,pending,,
railgoerl24_batch_001,58,images/train/058__2024-04-25_XRAISE_NSZ2_40_1_00000435.jpg,imgs/2024-04-25_TUEV_Elchingen/NSZ2_40_1.mp4/2024-04-25_XRAISE_NSZ2_40_1_00000435.jpg,annots/2024-04-25_TUEV_Elchingen/NSZ2_40_1.mp4/2024-04-25_XRAISE_NSZ2_40_1_00000435.xml,2024-04-25_TUEV_Elchingen/NSZ2_40_1.mp4,435,train,2.45,1,0,normal,sequence_coverage,prelabel_then_review,pending,,pending,,
railgoerl24_batch_001,59,images/train/059__2024-04-25_XRAISE_NSZ2_40_1_00001125.jpg,imgs/2024-04-25_TUEV_Elchingen/NSZ2_40_1.mp4/2024-04-25_XRAISE_NSZ2_40_1_00001125.jpg,annots/2024-04-25_TUEV_Elchingen/NSZ2_40_1.mp4/2024-04-25_XRAISE_NSZ2_40_1_00001125.xml,2024-04-25_TUEV_Elchingen/NSZ2_40_1.mp4,1125,train,2.45,1,0,normal,sequence_coverage,prelabel_then_review,pending,,pending,,
railgoerl24_batch_001,60,images/train/060__2024-04-25_XRAISE_NSZ2_40_2_00000570.jpg,imgs/2024-04-25_TUEV_Elchingen/NSZ2_40_2.mp4/2024-04-25_XRAISE_NSZ2_40_2_00000570.jpg,annots/2024-04-25_TUEV_Elchingen/NSZ2_40_2.mp4/2024-04-25_XRAISE_NSZ2_40_2_00000570.xml,2024-04-25_TUEV_Elchingen/NSZ2_40_2.mp4,570,train,2.45,1,0,normal,sequence_coverage,prelabel_then_review,pending,,pending,,
railgoerl24_batch_001,61,images/train/061__2024-04-25_XRAISE_NSZ2_40_2_00001500.jpg,imgs/2024-04-25_TUEV_Elchingen/NSZ2_40_2.mp4/2024-04-25_XRAISE_NSZ2_40_2_00001500.jpg,annots/2024-04-25_TUEV_Elchingen/NSZ2_40_2.mp4/2024-04-25_XRAISE_NSZ2_40_2_00001500.xml,2024-04-25_TUEV_Elchingen/NSZ2_40_2.mp4,1500,train,2.45,1,0,normal,sequence_coverage,prelabel_then_review,pending,,pending,,
railgoerl24_batch_001,62,images/train/062__2024-04-25_XRAISE_NSZ2_40_3_00000660.jpg,imgs/2024-04-25_TUEV_Elchingen/NSZ2_40_3.mp4/2024-04-25_XRAISE_NSZ2_40_3_00000660.jpg,annots/2024-04-25_TUEV_Elchingen/NSZ2_40_3.mp4/2024-04-25_XRAISE_NSZ2_40_3_00000660.xml,2024-04-25_TUEV_Elchingen/NSZ2_40_3.mp4,660,train,2.45,1,0,normal,sequence_coverage,prelabel_then_review,pending,,pending,,
railgoerl24_batch_001,63,images/train/063__2024-04-25_XRAISE_NSZ2_40_3_00001740.jpg,imgs/2024-04-25_TUEV_Elchingen/NSZ2_40_3.mp4/2024-04-25_XRAISE_NSZ2_40_3_00001740.jpg,annots/2024-04-25_TUEV_Elchingen/NSZ2_40_3.mp4/2024-04-25_XRAISE_NSZ2_40_3_00001740.xml,2024-04-25_TUEV_Elchingen/NSZ2_40_3.mp4,1740,train,2.45,1,0,normal,sequence_coverage,prelabel_then_review,pending,,pending,,
railgoerl24_batch_001,64,images/train/064__2024-04-25_XRAISE_NSZ2_40_4_00000495.jpg,imgs/2024-04-25_TUEV_Elchingen/NSZ2_40_4.mp4/2024-04-25_XRAISE_NSZ2_40_4_00000495.jpg,annots/2024-04-25_TUEV_Elchingen/NSZ2_40_4.mp4/2024-04-25_XRAISE_NSZ2_40_4_00000495.xml,2024-04-25_TUEV_Elchingen/NSZ2_40_4.mp4,495,train,2.45,1,0,normal,sequence_coverage,prelabel_then_review,pending,,pending,,
railgoerl24_batch_001,65,images/train/065__2024-04-25_XRAISE_NSZ2_40_4_00001290.jpg,imgs/2024-04-25_TUEV_Elchingen/NSZ2_40_4.mp4/2024-04-25_XRAISE_NSZ2_40_4_00001290.jpg,annots/2024-04-25_TUEV_Elchingen/NSZ2_40_4.mp4/2024-04-25_XRAISE_NSZ2_40_4_00001290.xml,2024-04-25_TUEV_Elchingen/NSZ2_40_4.mp4,1290,train,2.45,0,0,normal,sequence_coverage,prelabel_then_review,pending,,pending,,
railgoerl24_batch_001,66,images/train/066__2024-04-25_XRAISE_NSZ2_80_1_00000345.jpg,imgs/2024-04-25_TUEV_Elchingen/NSZ2_80_1.mp4/2024-04-25_XRAISE_NSZ2_80_1_00000345.jpg,annots/2024-04-25_TUEV_Elchingen/NSZ2_80_1.mp4/2024-04-25_XRAISE_NSZ2_80_1_00000345.xml,2024-04-25_TUEV_Elchingen/NSZ2_80_1.mp4,345,train,2.45,1,0,normal,sequence_coverage,prelabel_then_review,pending,,pending,,
railgoerl24_batch_001,67,images/train/067__2024-04-25_XRAISE_NSZ2_80_1_00000900.jpg,imgs/2024-04-25_TUEV_Elchingen/NSZ2_80_1.mp4/2024-04-25_XRAISE_NSZ2_80_1_00000900.jpg,annots/2024-04-25_TUEV_Elchingen/NSZ2_80_1.mp4/2024-04-25_XRAISE_NSZ2_80_1_00000900.xml,2024-04-25_TUEV_Elchingen/NSZ2_80_1.mp4,900,train,2.45,1,0,normal,sequence_coverage,prelabel_then_review,pending,,pending,,
railgoerl24_batch_001,68,images/train/068__2024-04-25_XRAISE_NSZ2_80_2_00001665.jpg,imgs/2024-04-25_TUEV_Elchingen/NSZ2_80_2.mp4/2024-04-25_XRAISE_NSZ2_80_2_00001665.jpg,annots/2024-04-25_TUEV_Elchingen/NSZ2_80_2.mp4/2024-04-25_XRAISE_NSZ2_80_2_00001665.xml,2024-04-25_TUEV_Elchingen/NSZ2_80_2.mp4,1665,train,2.45,1,0,normal,sequence_coverage,prelabel_then_review,pending,,pending,,
railgoerl24_batch_001,69,images/train/069__2024-04-25_XRAISE_NSZ2_80_2_00004350.jpg,imgs/2024-04-25_TUEV_Elchingen/NSZ2_80_2.mp4/2024-04-25_XRAISE_NSZ2_80_2_00004350.jpg,annots/2024-04-25_TUEV_Elchingen/NSZ2_80_2.mp4/2024-04-25_XRAISE_NSZ2_80_2_00004350.xml,2024-04-25_TUEV_Elchingen/NSZ2_80_2.mp4,4350,train,2.45,1,0,normal,sequence_coverage,prelabel_then_review,pending,,pending,,
railgoerl24_batch_001,70,images/train/070__2024-04-25_XRAISE_NSZ40_1_00000420.jpg,imgs/2024-04-25_TUEV_Elchingen/NSZ40_1.mp4/2024-04-25_XRAISE_NSZ40_1_00000420.jpg,annots/2024-04-25_TUEV_Elchingen/NSZ40_1.mp4/2024-04-25_XRAISE_NSZ40_1_00000420.xml,2024-04-25_TUEV_Elchingen/NSZ40_1.mp4,420,train,2.45,3,0,normal,sequence_coverage,prelabel_then_review,pending,,pending,,
railgoerl24_batch_001,71,images/train/071__2024-04-25_XRAISE_NSZ40_1_00001095.jpg,imgs/2024-04-25_TUEV_Elchingen/NSZ40_1.mp4/2024-04-25_XRAISE_NSZ40_1_00001095.jpg,annots/2024-04-25_TUEV_Elchingen/NSZ40_1.mp4/2024-04-25_XRAISE_NSZ40_1_00001095.xml,2024-04-25_TUEV_Elchingen/NSZ40_1.mp4,1095,train,2.45,2,0,normal,sequence_coverage,prelabel_then_review,pending,,pending,,
railgoerl24_batch_001,72,images/train/072__2024-04-25_XRAISE_NSZ40_1_00001275.jpg,imgs/2024-04-25_TUEV_Elchingen/NSZ40_1.mp4/2024-04-25_XRAISE_NSZ40_1_00001275.jpg,annots/2024-04-25_TUEV_Elchingen/NSZ40_1.mp4/2024-04-25_XRAISE_NSZ40_1_00001275.xml,2024-04-25_TUEV_Elchingen/NSZ40_1.mp4,1275,train,2.45,4,0,normal,hard_case_extension,prelabel_then_review,pending,,pending,,
railgoerl24_batch_001,73,images/train/073__2024-04-25_XRAISE_NSZ40_2_00000750.jpg,imgs/2024-04-25_TUEV_Elchingen/NSZ40_2.mp4/2024-04-25_XRAISE_NSZ40_2_00000750.jpg,annots/2024-04-25_TUEV_Elchingen/NSZ40_2.mp4/2024-04-25_XRAISE_NSZ40_2_00000750.xml,2024-04-25_TUEV_Elchingen/NSZ40_2.mp4,750,train,2.45,5,0,normal,hard_case_extension,prelabel_then_review,pending,,pending,,
railgoerl24_batch_001,74,images/train/074__2024-04-25_XRAISE_NSZ40_2_00001245.jpg,imgs/2024-04-25_TUEV_Elchingen/NSZ40_2.mp4/2024-04-25_XRAISE_NSZ40_2_00001245.jpg,annots/2024-04-25_TUEV_Elchingen/NSZ40_2.mp4/2024-04-25_XRAISE_NSZ40_2_00001245.xml,2024-04-25_TUEV_Elchingen/NSZ40_2.mp4,1245,train,2.45,4,0,normal,sequence_coverage,prelabel_then_review,pending,,pending,,
railgoerl24_batch_001,75,images/train/075__2024-04-25_XRAISE_NSZ40_2_00003240.jpg,imgs/2024-04-25_TUEV_Elchingen/NSZ40_2.mp4/2024-04-25_XRAISE_NSZ40_2_00003240.jpg,annots/2024-04-25_TUEV_Elchingen/NSZ40_2.mp4/2024-04-25_XRAISE_NSZ40_2_00003240.xml,2024-04-25_TUEV_Elchingen/NSZ40_2.mp4,3240,train,2.45,3,0,normal,sequence_coverage,prelabel_then_review,pending,,pending,,
railgoerl24_batch_001,76,images/train/076__2024-04-25_XRAISE_NSZ40_3_00001260.jpg,imgs/2024-04-25_TUEV_Elchingen/NSZ40_3.mp4/2024-04-25_XRAISE_NSZ40_3_00001260.jpg,annots/2024-04-25_TUEV_Elchingen/NSZ40_3.mp4/2024-04-25_XRAISE_NSZ40_3_00001260.xml,2024-04-25_TUEV_Elchingen/NSZ40_3.mp4,1260,train,2.45,3,0,normal,sequence_coverage,prelabel_then_review,pending,,pending,,
railgoerl24_batch_001,77,images/train/077__2024-04-25_XRAISE_NSZ40_3_00002280.jpg,imgs/2024-04-25_TUEV_Elchingen/NSZ40_3.mp4/2024-04-25_XRAISE_NSZ40_3_00002280.jpg,annots/2024-04-25_TUEV_Elchingen/NSZ40_3.mp4/2024-04-25_XRAISE_NSZ40_3_00002280.xml,2024-04-25_TUEV_Elchingen/NSZ40_3.mp4,2280,train,2.45,3,0,normal,hard_case_extension,prelabel_then_review,pending,,pending,,
railgoerl24_batch_001,78,images/train/078__2024-04-25_XRAISE_NSZ40_3_00003300.jpg,imgs/2024-04-25_TUEV_Elchingen/NSZ40_3.mp4/2024-04-25_XRAISE_NSZ40_3_00003300.jpg,annots/2024-04-25_TUEV_Elchingen/NSZ40_3.mp4/2024-04-25_XRAISE_NSZ40_3_00003300.xml,2024-04-25_TUEV_Elchingen/NSZ40_3.mp4,3300,train,2.45,2,0,normal,sequence_coverage,prelabel_then_review,pending,,pending,,
railgoerl24_batch_001,79,images/train/079__2024-04-25_XRAISE_NSZ80_1_00000390.jpg,imgs/2024-04-25_TUEV_Elchingen/NSZ80_1.mp4/2024-04-25_XRAISE_NSZ80_1_00000390.jpg,annots/2024-04-25_TUEV_Elchingen/NSZ80_1.mp4/2024-04-25_XRAISE_NSZ80_1_00000390.xml,2024-04-25_TUEV_Elchingen/NSZ80_1.mp4,390,train,2.45,1,0,normal,sequence_coverage,prelabel_then_review,pending,,pending,,
railgoerl24_batch_001,80,images/train/080__2024-04-25_XRAISE_NSZ80_1_00001035.jpg,imgs/2024-04-25_TUEV_Elchingen/NSZ80_1.mp4/2024-04-25_XRAISE_NSZ80_1_00001035.jpg,annots/2024-04-25_TUEV_Elchingen/NSZ80_1.mp4/2024-04-25_XRAISE_NSZ80_1_00001035.xml,2024-04-25_TUEV_Elchingen/NSZ80_1.mp4,1035,train,2.45,1,0,normal,sequence_coverage,prelabel_then_review,pending,,pending,,
railgoerl24_batch_001,81,images/train/081__2024-04-25_XRAISE_NSZ80_1_00001200.jpg,imgs/2024-04-25_TUEV_Elchingen/NSZ80_1.mp4/2024-04-25_XRAISE_NSZ80_1_00001200.jpg,annots/2024-04-25_TUEV_Elchingen/NSZ80_1.mp4/2024-04-25_XRAISE_NSZ80_1_00001200.xml,2024-04-25_TUEV_Elchingen/NSZ80_1.mp4,1200,train,2.45,2,0,normal,hard_case_extension,prelabel_then_review,pending,,pending,,
railgoerl24_batch_001,82,images/train/082__2024-04-25_XRAISE_NSZ80_2_00000330.jpg,imgs/2024-04-25_TUEV_Elchingen/NSZ80_2.mp4/2024-04-25_XRAISE_NSZ80_2_00000330.jpg,annots/2024-04-25_TUEV_Elchingen/NSZ80_2.mp4/2024-04-25_XRAISE_NSZ80_2_00000330.xml,2024-04-25_TUEV_Elchingen/NSZ80_2.mp4,330,train,2.45,2,0,normal,sequence_coverage,prelabel_then_review,pending,,pending,,
railgoerl24_batch_001,83,images/train/083__2024-04-25_XRAISE_NSZ80_2_00000885.jpg,imgs/2024-04-25_TUEV_Elchingen/NSZ80_2.mp4/2024-04-25_XRAISE_NSZ80_2_00000885.jpg,annots/2024-04-25_TUEV_Elchingen/NSZ80_2.mp4/2024-04-25_XRAISE_NSZ80_2_00000885.xml,2024-04-25_TUEV_Elchingen/NSZ80_2.mp4,885,train,2.45,2,0,normal,sequence_coverage,prelabel_then_review,pending,,pending,,
railgoerl24_batch_001,84,images/train/084__2024-04-25_XRAISE_NSZ80_3_00000360.jpg,imgs/2024-04-25_TUEV_Elchingen/NSZ80_3.mp4/2024-04-25_XRAISE_NSZ80_3_00000360.jpg,annots/2024-04-25_TUEV_Elchingen/NSZ80_3.mp4/2024-04-25_XRAISE_NSZ80_3_00000360.xml,2024-04-25_TUEV_Elchingen/NSZ80_3.mp4,360,train,2.45,3,0,normal,hard_case_extension,prelabel_then_review,pending,,pending,,
railgoerl24_batch_001,85,images/train/085__2024-04-25_XRAISE_NSZ80_3_00000600.jpg,imgs/2024-04-25_TUEV_Elchingen/NSZ80_3.mp4/2024-04-25_XRAISE_NSZ80_3_00000600.jpg,annots/2024-04-25_TUEV_Elchingen/NSZ80_3.mp4/2024-04-25_XRAISE_NSZ80_3_00000600.xml,2024-04-25_TUEV_Elchingen/NSZ80_3.mp4,600,train,2.45,2,0,normal,sequence_coverage,prelabel_then_review,pending,,pending,,
railgoerl24_batch_001,86,images/train/086__2024-04-25_XRAISE_NSZ80_3_00001560.jpg,imgs/2024-04-25_TUEV_Elchingen/NSZ80_3.mp4/2024-04-25_XRAISE_NSZ80_3_00001560.jpg,annots/2024-04-25_TUEV_Elchingen/NSZ80_3.mp4/2024-04-25_XRAISE_NSZ80_3_00001560.xml,2024-04-25_TUEV_Elchingen/NSZ80_3.mp4,1560,train,2.45,1,0,normal,sequence_coverage,prelabel_then_review,pending,,pending,,
railgoerl24_batch_001,87,images/train/087__2024-04-25_XRAISE_NSZ80_4_00000465.jpg,imgs/2024-04-25_TUEV_Elchingen/NSZ80_4.mp4/2024-04-25_XRAISE_NSZ80_4_00000465.jpg,annots/2024-04-25_TUEV_Elchingen/NSZ80_4.mp4/2024-04-25_XRAISE_NSZ80_4_00000465.xml,2024-04-25_TUEV_Elchingen/NSZ80_4.mp4,465,train,2.45,1,0,normal,sequence_coverage,prelabel_then_review,pending,,pending,,
railgoerl24_batch_001,88,images/train/088__2024-04-25_XRAISE_NSZ80_4_00001230.jpg,imgs/2024-04-25_TUEV_Elchingen/NSZ80_4.mp4/2024-04-25_XRAISE_NSZ80_4_00001230.jpg,annots/2024-04-25_TUEV_Elchingen/NSZ80_4.mp4/2024-04-25_XRAISE_NSZ80_4_00001230.xml,2024-04-25_TUEV_Elchingen/NSZ80_4.mp4,1230,train,2.45,1,0,normal,sequence_coverage,prelabel_then_review,pending,,pending,,
railgoerl24_batch_001,89,images/train/089__2024-04-25_XRAISE_NSZ_10und40-Kinder_00000630.jpg,imgs/2024-04-25_TUEV_Elchingen/NSZ_10und40-Kinder.mp4/2024-04-25_XRAISE_NSZ_10und40-Kinder_00000630.jpg,annots/2024-04-25_TUEV_Elchingen/NSZ_10und40-Kinder.mp4/2024-04-25_XRAISE_NSZ_10und40-Kinder_00000630.xml,2024-04-25_TUEV_Elchingen/NSZ_10und40-Kinder.mp4,630,train,2.45,1,0,normal,sequence_coverage,prelabel_then_review,pending,,pending,,
railgoerl24_batch_001,90,images/train/090__2024-04-25_XRAISE_NSZ_10und40-Kinder_00001635.jpg,imgs/2024-04-25_TUEV_Elchingen/NSZ_10und40-Kinder.mp4/2024-04-25_XRAISE_NSZ_10und40-Kinder_00001635.jpg,annots/2024-04-25_TUEV_Elchingen/NSZ_10und40-Kinder.mp4/2024-04-25_XRAISE_NSZ_10und40-Kinder_00001635.xml,2024-04-25_TUEV_Elchingen/NSZ_10und40-Kinder.mp4,1635,train,2.45,1,0,normal,sequence_coverage,prelabel_then_review,pending,,pending,,
railgoerl24_batch_001,91,images/train/091__2024-04-25_XRAISE_NSZ_10und40und80-Kinder_00000840.jpg,imgs/2024-04-25_TUEV_Elchingen/NSZ_10und40und80-Kinder.mp4/2024-04-25_XRAISE_NSZ_10und40und80-Kinder_00000840.jpg,annots/2024-04-25_TUEV_Elchingen/NSZ_10und40und80-Kinder.mp4/2024-04-25_XRAISE_NSZ_10und40und80-Kinder_00000840.xml,2024-04-25_TUEV_Elchingen/NSZ_10und40und80-Kinder.mp4,840,train,2.45,1,0,normal,sequence_coverage,prelabel_then_review,pending,,pending,,
railgoerl24_batch_001,92,images/train/092__2024-04-25_XRAISE_NSZ_10und40und80-Kinder_00002205.jpg,imgs/2024-04-25_TUEV_Elchingen/NSZ_10und40und80-Kinder.mp4/2024-04-25_XRAISE_NSZ_10und40und80-Kinder_00002205.jpg,annots/2024-04-25_TUEV_Elchingen/NSZ_10und40und80-Kinder.mp4/2024-04-25_XRAISE_NSZ_10und40und80-Kinder_00002205.xml,2024-04-25_TUEV_Elchingen/NSZ_10und40und80-Kinder.mp4,2205,train,2.45,1,0,normal,sequence_coverage,prelabel_then_review,pending,,pending,,
railgoerl24_batch_001,93,images/train/093__2024-04-25_XRAISE_NSZ_10und40und80-Kleinkind_00001200.jpg,imgs/2024-04-25_TUEV_Elchingen/NSZ_10und40und80-Kleinkind.mp4/2024-04-25_XRAISE_NSZ_10und40und80-Kleinkind_00001200.jpg,annots/2024-04-25_TUEV_Elchingen/NSZ_10und40und80-Kleinkind.mp4/2024-04-25_XRAISE_NSZ_10und40und80-Kleinkind_00001200.xml,2024-04-25_TUEV_Elchingen/NSZ_10und40und80-Kleinkind.mp4,1200,train,2.45,2,0,normal,sequence_coverage,prelabel_then_review,pending,,pending,,
railgoerl24_batch_001,94,images/train/094__2024-04-25_XRAISE_NSZ_10und40und80-Kleinkind_00003120.jpg,imgs/2024-04-25_TUEV_Elchingen/NSZ_10und40und80-Kleinkind.mp4/2024-04-25_XRAISE_NSZ_10und40und80-Kleinkind_00003120.jpg,annots/2024-04-25_TUEV_Elchingen/NSZ_10und40und80-Kleinkind.mp4/2024-04-25_XRAISE_NSZ_10und40und80-Kleinkind_00003120.xml,2024-04-25_TUEV_Elchingen/NSZ_10und40und80-Kleinkind.mp4,3120,train,2.45,2,0,normal,sequence_coverage,prelabel_then_review,pending,,pending,,
railgoerl24_batch_001,95,images/train/095__2024-04-25_XRAISE_NSZ_10und40und80-Kleinkind_00003600.jpg,imgs/2024-04-25_TUEV_Elchingen/NSZ_10und40und80-Kleinkind.mp4/2024-04-25_XRAISE_NSZ_10und40und80-Kleinkind_00003600.jpg,annots/2024-04-25_TUEV_Elchingen/NSZ_10und40und80-Kleinkind.mp4/2024-04-25_XRAISE_NSZ_10und40und80-Kleinkind_00003600.xml,2024-04-25_TUEV_Elchingen/NSZ_10und40und80-Kleinkind.mp4,3600,train,2.45,2,0,normal,hard_case_extension,prelabel_then_review,pending,,pending,,
railgoerl24_batch_001,96,images/train/096__2024-04-25_XRAISE_NSZ_80-Kinder_00000165.jpg,imgs/2024-04-25_TUEV_Elchingen/NSZ_80-Kinder.mp4/2024-04-25_XRAISE_NSZ_80-Kinder_00000165.jpg,annots/2024-04-25_TUEV_Elchingen/NSZ_80-Kinder.mp4/2024-04-25_XRAISE_NSZ_80-Kinder_00000165.xml,2024-04-25_TUEV_Elchingen/NSZ_80-Kinder.mp4,165,train,2.45,1,0,normal,sequence_coverage,prelabel_then_review,pending,,pending,,
railgoerl24_batch_001,97,images/train/097__2024-04-25_XRAISE_NSZ_80-Kinder_00000450.jpg,imgs/2024-04-25_TUEV_Elchingen/NSZ_80-Kinder.mp4/2024-04-25_XRAISE_NSZ_80-Kinder_00000450.jpg,annots/2024-04-25_TUEV_Elchingen/NSZ_80-Kinder.mp4/2024-04-25_XRAISE_NSZ_80-Kinder_00000450.xml,2024-04-25_TUEV_Elchingen/NSZ_80-Kinder.mp4,450,train,2.45,1,0,normal,sequence_coverage,prelabel_then_review,pending,,pending,,
railgoerl24_batch_001,98,images/train/098__2024-04-25_XRAISE_NSZ_Romy_liegend_statisch_00000375.jpg,imgs/2024-04-25_TUEV_Elchingen/NSZ_Romy_liegend_statisch.mp4/2024-04-25_XRAISE_NSZ_Romy_liegend_statisch_00000375.jpg,annots/2024-04-25_TUEV_Elchingen/NSZ_Romy_liegend_statisch.mp4/2024-04-25_XRAISE_NSZ_Romy_liegend_statisch_00000375.xml,2024-04-25_TUEV_Elchingen/NSZ_Romy_liegend_statisch.mp4,375,train,2.45,5,0,normal,hard_case_extension,prelabel_then_review,pending,,pending,,
railgoerl24_batch_001,99,images/train/099__2024-04-25_XRAISE_NSZ_Romy_liegend_statisch_00000615.jpg,imgs/2024-04-25_TUEV_Elchingen/NSZ_Romy_liegend_statisch.mp4/2024-04-25_XRAISE_NSZ_Romy_liegend_statisch_00000615.jpg,annots/2024-04-25_TUEV_Elchingen/NSZ_Romy_liegend_statisch.mp4/2024-04-25_XRAISE_NSZ_Romy_liegend_statisch_00000615.xml,2024-04-25_TUEV_Elchingen/NSZ_Romy_liegend_statisch.mp4,615,train,2.45,3,0,normal,sequence_coverage,prelabel_then_review,pending,,pending,,
railgoerl24_batch_001,100,images/train/100__2024-04-25_XRAISE_NSZ_Romy_liegend_statisch_00001620.jpg,imgs/2024-04-25_TUEV_Elchingen/NSZ_Romy_liegend_statisch.mp4/2024-04-25_XRAISE_NSZ_Romy_liegend_statisch_00001620.jpg,annots/2024-04-25_TUEV_Elchingen/NSZ_Romy_liegend_statisch.mp4/2024-04-25_XRAISE_NSZ_Romy_liegend_statisch_00001620.xml,2024-04-25_TUEV_Elchingen/NSZ_Romy_liegend_statisch.mp4,1620,train,2.45,1,0,normal,sequence_coverage,prelabel_then_review,pending,,pending,,
railgoerl24_batch_001,101,images/train/101__2024-04-25_XRAISE_Person-Liegend2_laengs_00000810.jpg,imgs/2024-04-25_TUEV_Elchingen/Person-Liegend2_laengs.mp4/2024-04-25_XRAISE_Person-Liegend2_laengs_00000810.jpg,annots/2024-04-25_TUEV_Elchingen/Person-Liegend2_laengs.mp4/2024-04-25_XRAISE_Person-Liegend2_laengs_00000810.xml,2024-04-25_TUEV_Elchingen/Person-Liegend2_laengs.mp4,810,train,2.45,1,0,normal,sequence_coverage,prelabel_then_review,pending,,pending,,
railgoerl24_batch_001,102,images/train/102__2024-04-25_XRAISE_Person-Liegend2_laengs_00002115.jpg,imgs/2024-04-25_TUEV_Elchingen/Person-Liegend2_laengs.mp4/2024-04-25_XRAISE_Person-Liegend2_laengs_00002115.jpg,annots/2024-04-25_TUEV_Elchingen/Person-Liegend2_laengs.mp4/2024-04-25_XRAISE_Person-Liegend2_laengs_00002115.xml,2024-04-25_TUEV_Elchingen/Person-Liegend2_laengs.mp4,2115,train,2.45,5,0,normal,sequence_coverage,prelabel_then_review,pending,,pending,,
railgoerl24_batch_001,103,images/train/103__2024-04-25_XRAISE_Person-Liegend2_laengs_00002445.jpg,imgs/2024-04-25_TUEV_Elchingen/Person-Liegend2_laengs.mp4/2024-04-25_XRAISE_Person-Liegend2_laengs_00002445.jpg,annots/2024-04-25_TUEV_Elchingen/Person-Liegend2_laengs.mp4/2024-04-25_XRAISE_Person-Liegend2_laengs_00002445.xml,2024-04-25_TUEV_Elchingen/Person-Liegend2_laengs.mp4,2445,train,2.45,5,0,normal,hard_case_extension,prelabel_then_review,pending,,pending,,
railgoerl24_batch_001,104,images/train/104__2024-04-25_XRAISE_Person-Liegend_gestuerzt_00000810.jpg,imgs/2024-04-25_TUEV_Elchingen/Person-Liegend_gestuerzt.mp4/2024-04-25_XRAISE_Person-Liegend_gestuerzt_00000810.jpg,annots/2024-04-25_TUEV_Elchingen/Person-Liegend_gestuerzt.mp4/2024-04-25_XRAISE_Person-Liegend_gestuerzt_00000810.xml,2024-04-25_TUEV_Elchingen/Person-Liegend_gestuerzt.mp4,810,train,2.45,1,0,normal,sequence_coverage,prelabel_then_review,pending,,pending,,
railgoerl24_batch_001,105,images/train/105__2024-04-25_XRAISE_Person-Liegend_gestuerzt_00002130.jpg,imgs/2024-04-25_TUEV_Elchingen/Person-Liegend_gestuerzt.mp4/2024-04-25_XRAISE_Person-Liegend_gestuerzt_00002130.jpg,annots/2024-04-25_TUEV_Elchingen/Person-Liegend_gestuerzt.mp4/2024-04-25_XRAISE_Person-Liegend_gestuerzt_00002130.xml,2024-04-25_TUEV_Elchingen/Person-Liegend_gestuerzt.mp4,2130,train,2.45,6,0,normal,sequence_coverage,prelabel_then_review,pending,,pending,,
railgoerl24_batch_001,106,images/train/106__2024-04-25_XRAISE_Person-Liegend_gestuerzt_00002460.jpg,imgs/2024-04-25_TUEV_Elchingen/Person-Liegend_gestuerzt.mp4/2024-04-25_XRAISE_Person-Liegend_gestuerzt_00002460.jpg,annots/2024-04-25_TUEV_Elchingen/Person-Liegend_gestuerzt.mp4/2024-04-25_XRAISE_Person-Liegend_gestuerzt_00002460.xml,2024-04-25_TUEV_Elchingen/Person-Liegend_gestuerzt.mp4,2460,train,2.45,5,0,normal,hard_case_extension,prelabel_then_review,pending,,pending,,
railgoerl24_batch_001,107,images/train/107__2024-04-25_XRAISE_Person-Liegend_gestuerzt2_00000405.jpg,imgs/2024-04-25_TUEV_Elchingen/Person-Liegend_gestuerzt2.mp4/2024-04-25_XRAISE_Person-Liegend_gestuerzt2_00000405.jpg,annots/2024-04-25_TUEV_Elchingen/Person-Liegend_gestuerzt2.mp4/2024-04-25_XRAISE_Person-Liegend_gestuerzt2_00000405.xml,2024-04-25_TUEV_Elchingen/Person-Liegend_gestuerzt2.mp4,405,train,2.45,1,0,normal,sequence_coverage,prelabel_then_review,pending,,pending,,
railgoerl24_batch_001,108,images/train/108__2024-04-25_XRAISE_Person-Liegend_gestuerzt2_00001050.jpg,imgs/2024-04-25_TUEV_Elchingen/Person-Liegend_gestuerzt2.mp4/2024-04-25_XRAISE_Person-Liegend_gestuerzt2_00001050.jpg,annots/2024-04-25_TUEV_Elchingen/Person-Liegend_gestuerzt2.mp4/2024-04-25_XRAISE_Person-Liegend_gestuerzt2_00001050.xml,2024-04-25_TUEV_Elchingen/Person-Liegend_gestuerzt2.mp4,1050,train,2.45,8,0,normal,sequence_coverage,prelabel_then_review,pending,,pending,,
railgoerl24_batch_001,109,images/train/109__2024-04-25_XRAISE_Person-Liegend_gestuerzt2_00001215.jpg,imgs/2024-04-25_TUEV_Elchingen/Person-Liegend_gestuerzt2.mp4/2024-04-25_XRAISE_Person-Liegend_gestuerzt2_00001215.jpg,annots/2024-04-25_TUEV_Elchingen/Person-Liegend_gestuerzt2.mp4/2024-04-25_XRAISE_Person-Liegend_gestuerzt2_00001215.xml,2024-04-25_TUEV_Elchingen/Person-Liegend_gestuerzt2.mp4,1215,train,2.45,6,0,normal,hard_case_extension,prelabel_then_review,pending,,pending,,
railgoerl24_batch_001,110,images/train/110__2024-04-25_XRAISE_Person-Liegend_nebenGleis_00000480.jpg,imgs/2024-04-25_TUEV_Elchingen/Person-Liegend_nebenGleis.mp4/2024-04-25_XRAISE_Person-Liegend_nebenGleis_00000480.jpg,annots/2024-04-25_TUEV_Elchingen/Person-Liegend_nebenGleis.mp4/2024-04-25_XRAISE_Person-Liegend_nebenGleis_00000480.xml,2024-04-25_TUEV_Elchingen/Person-Liegend_nebenGleis.mp4,480,train,2.45,1,0,normal,sequence_coverage,prelabel_then_review,pending,,pending,,
railgoerl24_batch_001,111,images/train/111__2024-04-25_XRAISE_Person-Liegend_nebenGleis_00001260.jpg,imgs/2024-04-25_TUEV_Elchingen/Person-Liegend_nebenGleis.mp4/2024-04-25_XRAISE_Person-Liegend_nebenGleis_00001260.jpg,annots/2024-04-25_TUEV_Elchingen/Person-Liegend_nebenGleis.mp4/2024-04-25_XRAISE_Person-Liegend_nebenGleis_00001260.xml,2024-04-25_TUEV_Elchingen/Person-Liegend_nebenGleis.mp4,1260,train,2.45,5,0,normal,sequence_coverage,prelabel_then_review,pending,,pending,,
railgoerl24_batch_001,112,images/train/112__2024-04-25_XRAISE_Person-Liegend_nebenGleis_00001455.jpg,imgs/2024-04-25_TUEV_Elchingen/Person-Liegend_nebenGleis.mp4/2024-04-25_XRAISE_Person-Liegend_nebenGleis_00001455.jpg,annots/2024-04-25_TUEV_Elchingen/Person-Liegend_nebenGleis.mp4/2024-04-25_XRAISE_Person-Liegend_nebenGleis_00001455.xml,2024-04-25_TUEV_Elchingen/Person-Liegend_nebenGleis.mp4,1455,train,2.45,2,0,normal,hard_case_extension,prelabel_then_review,pending,,pending,,
railgoerl24_batch_001,113,images/train/113__2024-04-25_XRAISE_Person-Liegend_quer_00000480.jpg,imgs/2024-04-25_TUEV_Elchingen/Person-Liegend_quer.mp4/2024-04-25_XRAISE_Person-Liegend_quer_00000480.jpg,annots/2024-04-25_TUEV_Elchingen/Person-Liegend_quer.mp4/2024-04-25_XRAISE_Person-Liegend_quer_00000480.xml,2024-04-25_TUEV_Elchingen/Person-Liegend_quer.mp4,480,train,2.45,1,0,normal,sequence_coverage,prelabel_then_review,pending,,pending,,
railgoerl24_batch_001,114,images/train/114__2024-04-25_XRAISE_Person-Liegend_quer_00001245.jpg,imgs/2024-04-25_TUEV_Elchingen/Person-Liegend_quer.mp4/2024-04-25_XRAISE_Person-Liegend_quer_00001245.jpg,annots/2024-04-25_TUEV_Elchingen/Person-Liegend_quer.mp4/2024-04-25_XRAISE_Person-Liegend_quer_00001245.xml,2024-04-25_TUEV_Elchingen/Person-Liegend_quer.mp4,1245,train,2.45,6,0,normal,sequence_coverage,prelabel_then_review,pending,,pending,,
railgoerl24_batch_001,115,images/train/115__2024-04-25_XRAISE_Person-Liegend_quer_00001440.jpg,imgs/2024-04-25_TUEV_Elchingen/Person-Liegend_quer.mp4/2024-04-25_XRAISE_Person-Liegend_quer_00001440.jpg,annots/2024-04-25_TUEV_Elchingen/Person-Liegend_quer.mp4/2024-04-25_XRAISE_Person-Liegend_quer_00001440.xml,2024-04-25_TUEV_Elchingen/Person-Liegend_quer.mp4,1440,train,2.45,3,0,normal,hard_case_extension,prelabel_then_review,pending,,pending,,
railgoerl24_batch_001,116,images/train/116__2024-04-25_XRAISE_Person-hockend_10_00001320.jpg,imgs/2024-04-25_TUEV_Elchingen/Person-hockend_10.mp4/2024-04-25_XRAISE_Person-hockend_10_00001320.jpg,annots/2024-04-25_TUEV_Elchingen/Person-hockend_10.mp4/2024-04-25_XRAISE_Person-hockend_10_00001320.xml,2024-04-25_TUEV_Elchingen/Person-hockend_10.mp4,1320,train,2.45,0,0,normal,sequence_coverage,prelabel_then_review,pending,,pending,,
railgoerl24_batch_001,117,images/train/117__2024-04-25_XRAISE_Person-hockend_10_00001845.jpg,imgs/2024-04-25_TUEV_Elchingen/Person-hockend_10.mp4/2024-04-25_XRAISE_Person-hockend_10_00001845.jpg,annots/2024-04-25_TUEV_Elchingen/Person-hockend_10.mp4/2024-04-25_XRAISE_Person-hockend_10_00001845.xml,2024-04-25_TUEV_Elchingen/Person-hockend_10.mp4,1845,train,2.45,2,0,normal,hard_case_extension,prelabel_then_review,pending,,pending,,
railgoerl24_batch_001,118,images/train/118__2024-04-25_XRAISE_Person-hockend_10_00003435.jpg,imgs/2024-04-25_TUEV_Elchingen/Person-hockend_10.mp4/2024-04-25_XRAISE_Person-hockend_10_00003435.jpg,annots/2024-04-25_TUEV_Elchingen/Person-hockend_10.mp4/2024-04-25_XRAISE_Person-hockend_10_00003435.xml,2024-04-25_TUEV_Elchingen/Person-hockend_10.mp4,3435,train,2.45,1,0,normal,sequence_coverage,prelabel_then_review,pending,,pending,,
railgoerl24_batch_001,119,images/train/119__2024-04-25_XRAISE_Person-hockend_40_00001335.jpg,imgs/2024-04-25_TUEV_Elchingen/Person-hockend_40.mp4/2024-04-25_XRAISE_Person-hockend_40_00001335.jpg,annots/2024-04-25_TUEV_Elchingen/Person-hockend_40.mp4/2024-04-25_XRAISE_Person-hockend_40_00001335.xml,2024-04-25_TUEV_Elchingen/Person-hockend_40.mp4,1335,train,2.45,1,0,normal,sequence_coverage,prelabel_then_review,pending,,pending,,
railgoerl24_batch_001,120,images/train/120__2024-04-25_XRAISE_Person-hockend_40_00003480.jpg,imgs/2024-04-25_TUEV_Elchingen/Person-hockend_40.mp4/2024-04-25_XRAISE_Person-hockend_40_00003480.jpg,annots/2024-04-25_TUEV_Elchingen/Person-hockend_40.mp4/2024-04-25_XRAISE_Person-hockend_40_00003480.xml,2024-04-25_TUEV_Elchingen/Person-hockend_40.mp4,3480,train,2.45,1,0,normal,sequence_coverage,prelabel_then_review,pending,,pending,,
railgoerl24_batch_001,121,images/train/121__2024-04-25_XRAISE_Random Gegenlicht_00000345.jpg,imgs/2024-04-25_TUEV_Elchingen/Random Gegenlicht.mp4/2024-04-25_XRAISE_Random Gegenlicht_00000345.jpg,annots/2024-04-25_TUEV_Elchingen/Random Gegenlicht.mp4/2024-04-25_XRAISE_Random Gegenlicht_00000345.xml,2024-04-25_TUEV_Elchingen/Random Gegenlicht.mp4,345,train,2.45,4,0,normal,sequence_coverage,prelabel_then_review,pending,,pending,,
railgoerl24_batch_001,122,images/train/122__2024-04-25_XRAISE_Random Gegenlicht_00000900.jpg,imgs/2024-04-25_TUEV_Elchingen/Random Gegenlicht.mp4/2024-04-25_XRAISE_Random Gegenlicht_00000900.jpg,annots/2024-04-25_TUEV_Elchingen/Random Gegenlicht.mp4/2024-04-25_XRAISE_Random Gegenlicht_00000900.xml,2024-04-25_TUEV_Elchingen/Random Gegenlicht.mp4,900,train,2.45,6,0,normal,sequence_coverage,prelabel_then_review,pending,,pending,,
railgoerl24_batch_001,123,images/train/123__2024-04-25_XRAISE_Random Gegenlicht_00001035.jpg,imgs/2024-04-25_TUEV_Elchingen/Random Gegenlicht.mp4/2024-04-25_XRAISE_Random Gegenlicht_00001035.jpg,annots/2024-04-25_TUEV_Elchingen/Random Gegenlicht.mp4/2024-04-25_XRAISE_Random Gegenlicht_00001035.xml,2024-04-25_TUEV_Elchingen/Random Gegenlicht.mp4,1035,train,2.45,6,0,normal,hard_case_extension,prelabel_then_review,pending,,pending,,
railgoerl24_batch_001,124,images/train/124__2024-04-25_XRAISE_Random1_00000120.jpg,imgs/2024-04-25_TUEV_Elchingen/Random1.mp4/2024-04-25_XRAISE_Random1_00000120.jpg,annots/2024-04-25_TUEV_Elchingen/Random1.mp4/2024-04-25_XRAISE_Random1_00000120.xml,2024-04-25_TUEV_Elchingen/Random1.mp4,120,train,2.45,11,0,normal,hard_case_extension,prelabel_then_review,pending,,pending,,
railgoerl24_batch_001,125,images/train/125__2024-04-25_XRAISE_Random1_00000210.jpg,imgs/2024-04-25_TUEV_Elchingen/Random1.mp4/2024-04-25_XRAISE_Random1_00000210.jpg,annots/2024-04-25_TUEV_Elchingen/Random1.mp4/2024-04-25_XRAISE_Random1_00000210.xml,2024-04-25_TUEV_Elchingen/Random1.mp4,210,train,2.45,9,0,normal,sequence_coverage,prelabel_then_review,pending,,pending,,
railgoerl24_batch_001,126,images/train/126__2024-04-25_XRAISE_Random1_00000540.jpg,imgs/2024-04-25_TUEV_Elchingen/Random1.mp4/2024-04-25_XRAISE_Random1_00000540.jpg,annots/2024-04-25_TUEV_Elchingen/Random1.mp4/2024-04-25_XRAISE_Random1_00000540.xml,2024-04-25_TUEV_Elchingen/Random1.mp4,540,train,2.45,7,0,normal,sequence_coverage,prelabel_then_review,pending,,pending,,
railgoerl24_batch_001,127,images/train/127__2024-04-25_XRAISE_Random_Fahrt mit Zug_Umpositionierung_00001515.jpg,imgs/2024-04-25_TUEV_Elchingen/Random_Fahrt mit Zug_Umpositionierung.mp4/2024-04-25_XRAISE_Random_Fahrt mit Zug_Umpositionierung_00001515.jpg,annots/2024-04-25_TUEV_Elchingen/Random_Fahrt mit Zug_Umpositionierung.mp4/2024-04-25_XRAISE_Random_Fahrt mit Zug_Umpositionierung_00001515.xml,2024-04-25_TUEV_Elchingen/Random_Fahrt mit Zug_Umpositionierung.mp4,1515,train,2.45,0,0,normal,sequence_coverage,prelabel_then_review,pending,,pending,,
railgoerl24_batch_001,128,images/train/128__2024-04-25_XRAISE_Random_Fahrt mit Zug_Umpositionierung_00003960.jpg,imgs/2024-04-25_TUEV_Elchingen/Random_Fahrt mit Zug_Umpositionierung.mp4/2024-04-25_XRAISE_Random_Fahrt mit Zug_Umpositionierung_00003960.jpg,annots/2024-04-25_TUEV_Elchingen/Random_Fahrt mit Zug_Umpositionierung.mp4/2024-04-25_XRAISE_Random_Fahrt mit Zug_Umpositionierung_00003960.xml,2024-04-25_TUEV_Elchingen/Random_Fahrt mit Zug_Umpositionierung.mp4,3960,train,2.45,1,0,normal,sequence_coverage,prelabel_then_review,pending,,pending,,
railgoerl24_batch_001,129,images/train/129__2024-04-25_XRAISE_Schwanger-plus-Umhang_00001035.jpg,imgs/2024-04-25_TUEV_Elchingen/Schwanger-plus-Umhang.mp4/2024-04-25_XRAISE_Schwanger-plus-Umhang_00001035.jpg,annots/2024-04-25_TUEV_Elchingen/Schwanger-plus-Umhang.mp4/2024-04-25_XRAISE_Schwanger-plus-Umhang_00001035.xml,2024-04-25_TUEV_Elchingen/Schwanger-plus-Umhang.mp4,1035,train,2.45,1,0,normal,sequence_coverage,prelabel_then_review,pending,,pending,,
railgoerl24_batch_001,130,images/train/130__2024-04-25_XRAISE_Schwanger-plus-Umhang_00002685.jpg,imgs/2024-04-25_TUEV_Elchingen/Schwanger-plus-Umhang.mp4/2024-04-25_XRAISE_Schwanger-plus-Umhang_00002685.jpg,annots/2024-04-25_TUEV_Elchingen/Schwanger-plus-Umhang.mp4/2024-04-25_XRAISE_Schwanger-plus-Umhang_00002685.xml,2024-04-25_TUEV_Elchingen/Schwanger-plus-Umhang.mp4,2685,train,2.45,1,0,normal,sequence_coverage,prelabel_then_review,pending,,pending,,
railgoerl24_batch_001,131,images/train/131__2024-04-25_XRAISE_Weichenstellung_00000450.jpg,imgs/2024-04-25_TUEV_Elchingen/Weichenstellung.mp4/2024-04-25_XRAISE_Weichenstellung_00000450.jpg,annots/2024-04-25_TUEV_Elchingen/Weichenstellung.mp4/2024-04-25_XRAISE_Weichenstellung_00000450.xml,2024-04-25_TUEV_Elchingen/Weichenstellung.mp4,450,train,2.45,3,0,switch_review,sequence_coverage,prelabel_then_review,pending,,pending,,
railgoerl24_batch_001,132,images/train/132__2024-04-25_XRAISE_Weichenstellung_00001170.jpg,imgs/2024-04-25_TUEV_Elchingen/Weichenstellung.mp4/2024-04-25_XRAISE_Weichenstellung_00001170.jpg,annots/2024-04-25_TUEV_Elchingen/Weichenstellung.mp4/2024-04-25_XRAISE_Weichenstellung_00001170.xml,2024-04-25_TUEV_Elchingen/Weichenstellung.mp4,1170,train,2.45,2,0,switch_review,sequence_coverage,prelabel_then_review,pending,,pending,,
railgoerl24_batch_001,133,images/train/133__2024-04-25_XRAISE_Weichenstellung_00001350.jpg,imgs/2024-04-25_TUEV_Elchingen/Weichenstellung.mp4/2024-04-25_XRAISE_Weichenstellung_00001350.jpg,annots/2024-04-25_TUEV_Elchingen/Weichenstellung.mp4/2024-04-25_XRAISE_Weichenstellung_00001350.xml,2024-04-25_TUEV_Elchingen/Weichenstellung.mp4,1350,train,2.45,4,0,switch_review,hard_case_extension,prelabel_then_review,pending,,pending,,
railgoerl24_batch_001,134,images/train/134__2024-04-25_XRAISE_ZurueckgehendePersonen_00000120.jpg,imgs/2024-04-25_TUEV_Elchingen/ZurueckgehendePersonen.mp4/2024-04-25_XRAISE_ZurueckgehendePersonen_00000120.jpg,annots/2024-04-25_TUEV_Elchingen/ZurueckgehendePersonen.mp4/2024-04-25_XRAISE_ZurueckgehendePersonen_00000120.xml,2024-04-25_TUEV_Elchingen/ZurueckgehendePersonen.mp4,120,train,2.45,4,0,normal,hard_case_extension,prelabel_then_review,pending,,pending,,
railgoerl24_batch_001,135,images/train/135__2024-04-25_XRAISE_ZurueckgehendePersonen_00000615.jpg,imgs/2024-04-25_TUEV_Elchingen/ZurueckgehendePersonen.mp4/2024-04-25_XRAISE_ZurueckgehendePersonen_00000615.jpg,annots/2024-04-25_TUEV_Elchingen/ZurueckgehendePersonen.mp4/2024-04-25_XRAISE_ZurueckgehendePersonen_00000615.xml,2024-04-25_TUEV_Elchingen/ZurueckgehendePersonen.mp4,615,train,2.45,2,0,normal,sequence_coverage,prelabel_then_review,pending,,pending,,
railgoerl24_batch_001,136,images/train/136__2024-04-25_XRAISE_ZurueckgehendePersonen_00001620.jpg,imgs/2024-04-25_TUEV_Elchingen/ZurueckgehendePersonen.mp4/2024-04-25_XRAISE_ZurueckgehendePersonen_00001620.jpg,annots/2024-04-25_TUEV_Elchingen/ZurueckgehendePersonen.mp4/2024-04-25_XRAISE_ZurueckgehendePersonen_00001620.xml,2024-04-25_TUEV_Elchingen/ZurueckgehendePersonen.mp4,1620,train,2.45,4,0,normal,sequence_coverage,prelabel_then_review,pending,,pending,,
railgoerl24_batch_001,137,images/val/137__2024-04-25_XRAISE_Fuzzy-KinderMenschengruppe2_00000780.jpg,imgs/2024-04-25_TUEV_Elchingen/Fuzzy-KinderMenschengruppe2.mp4/2024-04-25_XRAISE_Fuzzy-KinderMenschengruppe2_00000780.jpg,annots/2024-04-25_TUEV_Elchingen/Fuzzy-KinderMenschengruppe2.mp4/2024-04-25_XRAISE_Fuzzy-KinderMenschengruppe2_00000780.xml,2024-04-25_TUEV_Elchingen/Fuzzy-KinderMenschengruppe2.mp4,780,val,2.45,10,0,normal,holdout_ground_truth,manual_ground_truth,pending,,pending,,
railgoerl24_batch_001,138,images/val/138__2024-04-25_XRAISE_Fuzzy-KinderMenschengruppe2_00002355.jpg,imgs/2024-04-25_TUEV_Elchingen/Fuzzy-KinderMenschengruppe2.mp4/2024-04-25_XRAISE_Fuzzy-KinderMenschengruppe2_00002355.jpg,annots/2024-04-25_TUEV_Elchingen/Fuzzy-KinderMenschengruppe2.mp4/2024-04-25_XRAISE_Fuzzy-KinderMenschengruppe2_00002355.xml,2024-04-25_TUEV_Elchingen/Fuzzy-KinderMenschengruppe2.mp4,2355,val,2.45,7,0,normal,holdout_ground_truth,manual_ground_truth,pending,,pending,,
railgoerl24_batch_001,139,images/val/139__2024-04-25_XRAISE_Fuzzy-KinderMenschengruppe2_00003930.jpg,imgs/2024-04-25_TUEV_Elchingen/Fuzzy-KinderMenschengruppe2.mp4/2024-04-25_XRAISE_Fuzzy-KinderMenschengruppe2_00003930.jpg,annots/2024-04-25_TUEV_Elchingen/Fuzzy-KinderMenschengruppe2.mp4/2024-04-25_XRAISE_Fuzzy-KinderMenschengruppe2_00003930.xml,2024-04-25_TUEV_Elchingen/Fuzzy-KinderMenschengruppe2.mp4,3930,val,2.45,9,0,normal,holdout_ground_truth,manual_ground_truth,pending,,pending,,
railgoerl24_batch_001,140,images/val/140__2024-04-25_XRAISE_Fuzzy-KinderMenschengruppe2_00005505.jpg,imgs/2024-04-25_TUEV_Elchingen/Fuzzy-KinderMenschengruppe2.mp4/2024-04-25_XRAISE_Fuzzy-KinderMenschengruppe2_00005505.jpg,annots/2024-04-25_TUEV_Elchingen/Fuzzy-KinderMenschengruppe2.mp4/2024-04-25_XRAISE_Fuzzy-KinderMenschengruppe2_00005505.xml,2024-04-25_TUEV_Elchingen/Fuzzy-KinderMenschengruppe2.mp4,5505,val,2.45,9,0,normal,holdout_ground_truth,manual_ground_truth,pending,,pending,,
railgoerl24_batch_001,141,images/val/141__2024-04-25_XRAISE_Fuzzy-KinderMenschengruppe2_00007065.jpg,imgs/2024-04-25_TUEV_Elchingen/Fuzzy-KinderMenschengruppe2.mp4/2024-04-25_XRAISE_Fuzzy-KinderMenschengruppe2_00007065.jpg,annots/2024-04-25_TUEV_Elchingen/Fuzzy-KinderMenschengruppe2.mp4/2024-04-25_XRAISE_Fuzzy-KinderMenschengruppe2_00007065.xml,2024-04-25_TUEV_Elchingen/Fuzzy-KinderMenschengruppe2.mp4,7065,val,2.45,6,0,normal,holdout_ground_truth,manual_ground_truth,pending,,pending,,
railgoerl24_batch_001,142,images/val/142__2024-04-25_XRAISE_Fuzzy-KinderMenschengruppe2_00008640.jpg,imgs/2024-04-25_TUEV_Elchingen/Fuzzy-KinderMenschengruppe2.mp4/2024-04-25_XRAISE_Fuzzy-KinderMenschengruppe2_00008640.jpg,annots/2024-04-25_TUEV_Elchingen/Fuzzy-KinderMenschengruppe2.mp4/2024-04-25_XRAISE_Fuzzy-KinderMenschengruppe2_00008640.xml,2024-04-25_TUEV_Elchingen/Fuzzy-KinderMenschengruppe2.mp4,8640,val,2.45,12,0,normal,holdout_ground_truth,manual_ground_truth,pending,,pending,,
railgoerl24_batch_001,143,images/val/143__2024-04-25_XRAISE_Fuzzy-KinderMenschengruppe2_00010215.jpg,imgs/2024-04-25_TUEV_Elchingen/Fuzzy-KinderMenschengruppe2.mp4/2024-04-25_XRAISE_Fuzzy-KinderMenschengruppe2_00010215.jpg,annots/2024-04-25_TUEV_Elchingen/Fuzzy-KinderMenschengruppe2.mp4/2024-04-25_XRAISE_Fuzzy-KinderMenschengruppe2_00010215.xml,2024-04-25_TUEV_Elchingen/Fuzzy-KinderMenschengruppe2.mp4,10215,val,2.45,9,0,normal,holdout_ground_truth,manual_ground_truth,pending,,pending,,
railgoerl24_batch_001,144,images/val/144__2024-04-25_XRAISE_Fuzzy-KinderMenschengruppe2_00011790.jpg,imgs/2024-04-25_TUEV_Elchingen/Fuzzy-KinderMenschengruppe2.mp4/2024-04-25_XRAISE_Fuzzy-KinderMenschengruppe2_00011790.jpg,annots/2024-04-25_TUEV_Elchingen/Fuzzy-KinderMenschengruppe2.mp4/2024-04-25_XRAISE_Fuzzy-KinderMenschengruppe2_00011790.xml,2024-04-25_TUEV_Elchingen/Fuzzy-KinderMenschengruppe2.mp4,11790,val,2.45,7,0,normal,holdout_ground_truth,manual_ground_truth,pending,,pending,,
railgoerl24_batch_001,145,images/val/145__2024-04-25_XRAISE_Person-Liegend_laengs_00000135.jpg,imgs/2024-04-25_TUEV_Elchingen/Person-Liegend_laengs.mp4/2024-04-25_XRAISE_Person-Liegend_laengs_00000135.jpg,annots/2024-04-25_TUEV_Elchingen/Person-Liegend_laengs.mp4/2024-04-25_XRAISE_Person-Liegend_laengs_00000135.xml,2024-04-25_TUEV_Elchingen/Person-Liegend_laengs.mp4,135,val,2.45,1,0,normal,holdout_ground_truth,manual_ground_truth,pending,,pending,,
railgoerl24_batch_001,146,images/val/146__2024-04-25_XRAISE_Person-Liegend_laengs_00000405.jpg,imgs/2024-04-25_TUEV_Elchingen/Person-Liegend_laengs.mp4/2024-04-25_XRAISE_Person-Liegend_laengs_00000405.jpg,annots/2024-04-25_TUEV_Elchingen/Person-Liegend_laengs.mp4/2024-04-25_XRAISE_Person-Liegend_laengs_00000405.xml,2024-04-25_TUEV_Elchingen/Person-Liegend_laengs.mp4,405,val,2.45,1,0,normal,holdout_ground_truth,manual_ground_truth,pending,,pending,,
railgoerl24_batch_001,147,images/val/147__2024-04-25_XRAISE_Person-Liegend_laengs_00000675.jpg,imgs/2024-04-25_TUEV_Elchingen/Person-Liegend_laengs.mp4/2024-04-25_XRAISE_Person-Liegend_laengs_00000675.jpg,annots/2024-04-25_TUEV_Elchingen/Person-Liegend_laengs.mp4/2024-04-25_XRAISE_Person-Liegend_laengs_00000675.xml,2024-04-25_TUEV_Elchingen/Person-Liegend_laengs.mp4,675,val,2.45,1,0,normal,holdout_ground_truth,manual_ground_truth,pending,,pending,,
railgoerl24_batch_001,148,images/val/148__2024-04-25_XRAISE_Person-Liegend_laengs_00000960.jpg,imgs/2024-04-25_TUEV_Elchingen/Person-Liegend_laengs.mp4/2024-04-25_XRAISE_Person-Liegend_laengs_00000960.jpg,annots/2024-04-25_TUEV_Elchingen/Person-Liegend_laengs.mp4/2024-04-25_XRAISE_Person-Liegend_laengs_00000960.xml,2024-04-25_TUEV_Elchingen/Person-Liegend_laengs.mp4,960,val,2.45,1,0,normal,holdout_ground_truth,manual_ground_truth,pending,,pending,,
railgoerl24_batch_001,149,images/val/149__2024-04-25_XRAISE_Person-Liegend_laengs_00001230.jpg,imgs/2024-04-25_TUEV_Elchingen/Person-Liegend_laengs.mp4/2024-04-25_XRAISE_Person-Liegend_laengs_00001230.jpg,annots/2024-04-25_TUEV_Elchingen/Person-Liegend_laengs.mp4/2024-04-25_XRAISE_Person-Liegend_laengs_00001230.xml,2024-04-25_TUEV_Elchingen/Person-Liegend_laengs.mp4,1230,val,2.45,1,0,normal,holdout_ground_truth,manual_ground_truth,pending,,pending,,
railgoerl24_batch_001,150,images/val/150__2024-04-25_XRAISE_Person-Liegend_laengs_00001515.jpg,imgs/2024-04-25_TUEV_Elchingen/Person-Liegend_laengs.mp4/2024-04-25_XRAISE_Person-Liegend_laengs_00001515.jpg,annots/2024-04-25_TUEV_Elchingen/Person-Liegend_laengs.mp4/2024-04-25_XRAISE_Person-Liegend_laengs_00001515.xml,2024-04-25_TUEV_Elchingen/Person-Liegend_laengs.mp4,1515,val,2.45,1,0,normal,holdout_ground_truth,manual_ground_truth,pending,,pending,,
railgoerl24_batch_001,151,images/val/151__2024-04-25_XRAISE_Person-Liegend_laengs_00001785.jpg,imgs/2024-04-25_TUEV_Elchingen/Person-Liegend_laengs.mp4/2024-04-25_XRAISE_Person-Liegend_laengs_00001785.jpg,annots/2024-04-25_TUEV_Elchingen/Person-Liegend_laengs.mp4/2024-04-25_XRAISE_Person-Liegend_laengs_00001785.xml,2024-04-25_TUEV_Elchingen/Person-Liegend_laengs.mp4,1785,val,2.45,2,0,normal,holdout_ground_truth,manual_ground_truth,pending,,pending,,
railgoerl24_batch_001,152,images/val/152__2024-04-25_XRAISE_Person-Liegend_laengs_00002055.jpg,imgs/2024-04-25_TUEV_Elchingen/Person-Liegend_laengs.mp4/2024-04-25_XRAISE_Person-Liegend_laengs_00002055.jpg,annots/2024-04-25_TUEV_Elchingen/Person-Liegend_laengs.mp4/2024-04-25_XRAISE_Person-Liegend_laengs_00002055.xml,2024-04-25_TUEV_Elchingen/Person-Liegend_laengs.mp4,2055,val,2.45,7,0,normal,holdout_ground_truth,manual_ground_truth,pending,,pending,,
railgoerl24_batch_001,153,images/val/153__2024-04-25_XRAISE_Person-hockend_80_00000465.jpg,imgs/2024-04-25_TUEV_Elchingen/Person-hockend_80.mp4/2024-04-25_XRAISE_Person-hockend_80_00000465.jpg,annots/2024-04-25_TUEV_Elchingen/Person-hockend_80.mp4/2024-04-25_XRAISE_Person-hockend_80_00000465.xml,2024-04-25_TUEV_Elchingen/Person-hockend_80.mp4,465,val,2.45,1,0,normal,holdout_ground_truth,manual_ground_truth,pending,,pending,,
railgoerl24_batch_001,154,images/val/154__2024-04-25_XRAISE_Person-hockend_80_00001395.jpg,imgs/2024-04-25_TUEV_Elchingen/Person-hockend_80.mp4/2024-04-25_XRAISE_Person-hockend_80_00001395.jpg,annots/2024-04-25_TUEV_Elchingen/Person-hockend_80.mp4/2024-04-25_XRAISE_Person-hockend_80_00001395.xml,2024-04-25_TUEV_Elchingen/Person-hockend_80.mp4,1395,val,2.45,1,0,normal,holdout_ground_truth,manual_ground_truth,pending,,pending,,
railgoerl24_batch_001,155,images/val/155__2024-04-25_XRAISE_Person-hockend_80_00002340.jpg,imgs/2024-04-25_TUEV_Elchingen/Person-hockend_80.mp4/2024-04-25_XRAISE_Person-hockend_80_00002340.jpg,annots/2024-04-25_TUEV_Elchingen/Person-hockend_80.mp4/2024-04-25_XRAISE_Person-hockend_80_00002340.xml,2024-04-25_TUEV_Elchingen/Person-hockend_80.mp4,2340,val,2.45,1,0,normal,holdout_ground_truth,manual_ground_truth,pending,,pending,,
railgoerl24_batch_001,156,images/val/156__2024-04-25_XRAISE_Person-hockend_80_00003270.jpg,imgs/2024-04-25_TUEV_Elchingen/Person-hockend_80.mp4/2024-04-25_XRAISE_Person-hockend_80_00003270.jpg,annots/2024-04-25_TUEV_Elchingen/Person-hockend_80.mp4/2024-04-25_XRAISE_Person-hockend_80_00003270.xml,2024-04-25_TUEV_Elchingen/Person-hockend_80.mp4,3270,val,2.45,1,0,normal,holdout_ground_truth,manual_ground_truth,pending,,pending,,
railgoerl24_batch_001,157,images/val/157__2024-04-25_XRAISE_Person-hockend_80_00004215.jpg,imgs/2024-04-25_TUEV_Elchingen/Person-hockend_80.mp4/2024-04-25_XRAISE_Person-hockend_80_00004215.jpg,annots/2024-04-25_TUEV_Elchingen/Person-hockend_80.mp4/2024-04-25_XRAISE_Person-hockend_80_00004215.xml,2024-04-25_TUEV_Elchingen/Person-hockend_80.mp4,4215,val,2.45,1,0,normal,holdout_ground_truth,manual_ground_truth,pending,,pending,,
railgoerl24_batch_001,158,images/val/158__2024-04-25_XRAISE_Person-hockend_80_00005145.jpg,imgs/2024-04-25_TUEV_Elchingen/Person-hockend_80.mp4/2024-04-25_XRAISE_Person-hockend_80_00005145.jpg,annots/2024-04-25_TUEV_Elchingen/Person-hockend_80.mp4/2024-04-25_XRAISE_Person-hockend_80_00005145.xml,2024-04-25_TUEV_Elchingen/Person-hockend_80.mp4,5145,val,2.45,1,0,normal,holdout_ground_truth,manual_ground_truth,pending,,pending,,
railgoerl24_batch_001,159,images/val/159__2024-04-25_XRAISE_Person-hockend_80_00006090.jpg,imgs/2024-04-25_TUEV_Elchingen/Person-hockend_80.mp4/2024-04-25_XRAISE_Person-hockend_80_00006090.jpg,annots/2024-04-25_TUEV_Elchingen/Person-hockend_80.mp4/2024-04-25_XRAISE_Person-hockend_80_00006090.xml,2024-04-25_TUEV_Elchingen/Person-hockend_80.mp4,6090,val,2.45,1,0,normal,holdout_ground_truth,manual_ground_truth,pending,,pending,,
railgoerl24_batch_001,160,images/val/160__2024-04-25_XRAISE_Person-hockend_80_00007020.jpg,imgs/2024-04-25_TUEV_Elchingen/Person-hockend_80.mp4/2024-04-25_XRAISE_Person-hockend_80_00007020.jpg,annots/2024-04-25_TUEV_Elchingen/Person-hockend_80.mp4/2024-04-25_XRAISE_Person-hockend_80_00007020.xml,2024-04-25_TUEV_Elchingen/Person-hockend_80.mp4,7020,val,2.45,1,0,normal,holdout_ground_truth,manual_ground_truth,pending,,pending,,
railgoerl24_batch_001,161,images/val/161__2024-04-25_XRAISE_Warnwesten-in-der-Gruppe_00000375.jpg,imgs/2024-04-25_TUEV_Elchingen/Warnwesten-in-der-Gruppe.mp4/2024-04-25_XRAISE_Warnwesten-in-der-Gruppe_00000375.jpg,annots/2024-04-25_TUEV_Elchingen/Warnwesten-in-der-Gruppe.mp4/2024-04-25_XRAISE_Warnwesten-in-der-Gruppe_00000375.xml,2024-04-25_TUEV_Elchingen/Warnwesten-in-der-Gruppe.mp4,375,val,2.45,7,0,normal,holdout_ground_truth,manual_ground_truth,pending,,pending,,
railgoerl24_batch_001,162,images/val/162__2024-04-25_XRAISE_Warnwesten-in-der-Gruppe_00001125.jpg,imgs/2024-04-25_TUEV_Elchingen/Warnwesten-in-der-Gruppe.mp4/2024-04-25_XRAISE_Warnwesten-in-der-Gruppe_00001125.jpg,annots/2024-04-25_TUEV_Elchingen/Warnwesten-in-der-Gruppe.mp4/2024-04-25_XRAISE_Warnwesten-in-der-Gruppe_00001125.xml,2024-04-25_TUEV_Elchingen/Warnwesten-in-der-Gruppe.mp4,1125,val,2.45,8,0,normal,holdout_ground_truth,manual_ground_truth,pending,,pending,,
railgoerl24_batch_001,163,images/val/163__2024-04-25_XRAISE_Warnwesten-in-der-Gruppe_00001875.jpg,imgs/2024-04-25_TUEV_Elchingen/Warnwesten-in-der-Gruppe.mp4/2024-04-25_XRAISE_Warnwesten-in-der-Gruppe_00001875.jpg,annots/2024-04-25_TUEV_Elchingen/Warnwesten-in-der-Gruppe.mp4/2024-04-25_XRAISE_Warnwesten-in-der-Gruppe_00001875.xml,2024-04-25_TUEV_Elchingen/Warnwesten-in-der-Gruppe.mp4,1875,val,2.45,6,0,normal,holdout_ground_truth,manual_ground_truth,pending,,pending,,
railgoerl24_batch_001,164,images/val/164__2024-04-25_XRAISE_Warnwesten-in-der-Gruppe_00002625.jpg,imgs/2024-04-25_TUEV_Elchingen/Warnwesten-in-der-Gruppe.mp4/2024-04-25_XRAISE_Warnwesten-in-der-Gruppe_00002625.jpg,annots/2024-04-25_TUEV_Elchingen/Warnwesten-in-der-Gruppe.mp4/2024-04-25_XRAISE_Warnwesten-in-der-Gruppe_00002625.xml,2024-04-25_TUEV_Elchingen/Warnwesten-in-der-Gruppe.mp4,2625,val,2.45,7,0,normal,holdout_ground_truth,manual_ground_truth,pending,,pending,,
railgoerl24_batch_001,165,images/val/165__2024-04-25_XRAISE_Warnwesten-in-der-Gruppe_00003390.jpg,imgs/2024-04-25_TUEV_Elchingen/Warnwesten-in-der-Gruppe.mp4/2024-04-25_XRAISE_Warnwesten-in-der-Gruppe_00003390.jpg,annots/2024-04-25_TUEV_Elchingen/Warnwesten-in-der-Gruppe.mp4/2024-04-25_XRAISE_Warnwesten-in-der-Gruppe_00003390.xml,2024-04-25_TUEV_Elchingen/Warnwesten-in-der-Gruppe.mp4,3390,val,2.45,8,0,normal,holdout_ground_truth,manual_ground_truth,pending,,pending,,
railgoerl24_batch_001,166,images/val/166__2024-04-25_XRAISE_Warnwesten-in-der-Gruppe_00004140.jpg,imgs/2024-04-25_TUEV_Elchingen/Warnwesten-in-der-Gruppe.mp4/2024-04-25_XRAISE_Warnwesten-in-der-Gruppe_00004140.jpg,annots/2024-04-25_TUEV_Elchingen/Warnwesten-in-der-Gruppe.mp4/2024-04-25_XRAISE_Warnwesten-in-der-Gruppe_00004140.xml,2024-04-25_TUEV_Elchingen/Warnwesten-in-der-Gruppe.mp4,4140,val,2.45,7,0,normal,holdout_ground_truth,manual_ground_truth,pending,,pending,,
railgoerl24_batch_001,167,images/val/167__2024-04-25_XRAISE_Warnwesten-in-der-Gruppe_00004890.jpg,imgs/2024-04-25_TUEV_Elchingen/Warnwesten-in-der-Gruppe.mp4/2024-04-25_XRAISE_Warnwesten-in-der-Gruppe_00004890.jpg,annots/2024-04-25_TUEV_Elchingen/Warnwesten-in-der-Gruppe.mp4/2024-04-25_XRAISE_Warnwesten-in-der-Gruppe_00004890.xml,2024-04-25_TUEV_Elchingen/Warnwesten-in-der-Gruppe.mp4,4890,val,2.45,8,0,normal,holdout_ground_truth,manual_ground_truth,pending,,pending,,
railgoerl24_batch_001,168,images/val/168__2024-04-25_XRAISE_Warnwesten-in-der-Gruppe_00005640.jpg,imgs/2024-04-25_TUEV_Elchingen/Warnwesten-in-der-Gruppe.mp4/2024-04-25_XRAISE_Warnwesten-in-der-Gruppe_00005640.jpg,annots/2024-04-25_TUEV_Elchingen/Warnwesten-in-der-Gruppe.mp4/2024-04-25_XRAISE_Warnwesten-in-der-Gruppe_00005640.xml,2024-04-25_TUEV_Elchingen/Warnwesten-in-der-Gruppe.mp4,5640,val,2.45,3,0,normal,holdout_ground_truth,manual_ground_truth,pending,,pending,,
railgoerl24_batch_001,169,images/test/169__2024-04-25_XRAISE_Crossing_80_Front_Teil4_00000405.jpg,imgs/2024-04-25_TUEV_Elchingen/Crossing_80_Front_Teil4.mp4/2024-04-25_XRAISE_Crossing_80_Front_Teil4_00000405.jpg,annots/2024-04-25_TUEV_Elchingen/Crossing_80_Front_Teil4.mp4/2024-04-25_XRAISE_Crossing_80_Front_Teil4_00000405.xml,2024-04-25_TUEV_Elchingen/Crossing_80_Front_Teil4.mp4,405,test,2.45,1,0,normal,holdout_ground_truth,manual_ground_truth,pending,,pending,,
railgoerl24_batch_001,170,images/test/170__2024-04-25_XRAISE_Crossing_80_Front_Teil4_00001215.jpg,imgs/2024-04-25_TUEV_Elchingen/Crossing_80_Front_Teil4.mp4/2024-04-25_XRAISE_Crossing_80_Front_Teil4_00001215.jpg,annots/2024-04-25_TUEV_Elchingen/Crossing_80_Front_Teil4.mp4/2024-04-25_XRAISE_Crossing_80_Front_Teil4_00001215.xml,2024-04-25_TUEV_Elchingen/Crossing_80_Front_Teil4.mp4,1215,test,2.45,1,0,normal,holdout_ground_truth,manual_ground_truth,pending,,pending,,
railgoerl24_batch_001,171,images/test/171__2024-04-25_XRAISE_Crossing_80_Front_Teil4_00002025.jpg,imgs/2024-04-25_TUEV_Elchingen/Crossing_80_Front_Teil4.mp4/2024-04-25_XRAISE_Crossing_80_Front_Teil4_00002025.jpg,annots/2024-04-25_TUEV_Elchingen/Crossing_80_Front_Teil4.mp4/2024-04-25_XRAISE_Crossing_80_Front_Teil4_00002025.xml,2024-04-25_TUEV_Elchingen/Crossing_80_Front_Teil4.mp4,2025,test,2.45,1,0,normal,holdout_ground_truth,manual_ground_truth,pending,,pending,,
railgoerl24_batch_001,172,images/test/172__2024-04-25_XRAISE_Crossing_80_Front_Teil4_00002835.jpg,imgs/2024-04-25_TUEV_Elchingen/Crossing_80_Front_Teil4.mp4/2024-04-25_XRAISE_Crossing_80_Front_Teil4_00002835.jpg,annots/2024-04-25_TUEV_Elchingen/Crossing_80_Front_Teil4.mp4/2024-04-25_XRAISE_Crossing_80_Front_Teil4_00002835.xml,2024-04-25_TUEV_Elchingen/Crossing_80_Front_Teil4.mp4,2835,test,2.45,2,0,normal,holdout_ground_truth,manual_ground_truth,pending,,pending,,
railgoerl24_batch_001,173,images/test/173__2024-04-25_XRAISE_Crossing_80_Front_Teil4_00003660.jpg,imgs/2024-04-25_TUEV_Elchingen/Crossing_80_Front_Teil4.mp4/2024-04-25_XRAISE_Crossing_80_Front_Teil4_00003660.jpg,annots/2024-04-25_TUEV_Elchingen/Crossing_80_Front_Teil4.mp4/2024-04-25_XRAISE_Crossing_80_Front_Teil4_00003660.xml,2024-04-25_TUEV_Elchingen/Crossing_80_Front_Teil4.mp4,3660,test,2.45,0,0,normal,holdout_ground_truth,manual_ground_truth,pending,,pending,,
railgoerl24_batch_001,174,images/test/174__2024-04-25_XRAISE_Crossing_80_Front_Teil4_00004470.jpg,imgs/2024-04-25_TUEV_Elchingen/Crossing_80_Front_Teil4.mp4/2024-04-25_XRAISE_Crossing_80_Front_Teil4_00004470.jpg,annots/2024-04-25_TUEV_Elchingen/Crossing_80_Front_Teil4.mp4/2024-04-25_XRAISE_Crossing_80_Front_Teil4_00004470.xml,2024-04-25_TUEV_Elchingen/Crossing_80_Front_Teil4.mp4,4470,test,2.45,1,0,normal,holdout_ground_truth,manual_ground_truth,pending,,pending,,
railgoerl24_batch_001,175,images/test/175__2024-04-25_XRAISE_Crossing_80_Front_Teil4_00005280.jpg,imgs/2024-04-25_TUEV_Elchingen/Crossing_80_Front_Teil4.mp4/2024-04-25_XRAISE_Crossing_80_Front_Teil4_00005280.jpg,annots/2024-04-25_TUEV_Elchingen/Crossing_80_Front_Teil4.mp4/2024-04-25_XRAISE_Crossing_80_Front_Teil4_00005280.xml,2024-04-25_TUEV_Elchingen/Crossing_80_Front_Teil4.mp4,5280,test,2.45,1,0,normal,holdout_ground_truth,manual_ground_truth,pending,,pending,,
railgoerl24_batch_001,176,images/test/176__2024-04-25_XRAISE_Crossing_80_Front_Teil4_00006090.jpg,imgs/2024-04-25_TUEV_Elchingen/Crossing_80_Front_Teil4.mp4/2024-04-25_XRAISE_Crossing_80_Front_Teil4_00006090.jpg,annots/2024-04-25_TUEV_Elchingen/Crossing_80_Front_Teil4.mp4/2024-04-25_XRAISE_Crossing_80_Front_Teil4_00006090.xml,2024-04-25_TUEV_Elchingen/Crossing_80_Front_Teil4.mp4,6090,test,2.45,1,0,normal,holdout_ground_truth,manual_ground_truth,pending,,pending,,
railgoerl24_batch_001,177,images/test/177__2024-04-25_XRAISE_Fuzzy-KinderMenschengruppeBallspielen_00000480.jpg,imgs/2024-04-25_TUEV_Elchingen/Fuzzy-KinderMenschengruppeBallspielen.mp4/2024-04-25_XRAISE_Fuzzy-KinderMenschengruppeBallspielen_00000480.jpg,annots/2024-04-25_TUEV_Elchingen/Fuzzy-KinderMenschengruppeBallspielen.mp4/2024-04-25_XRAISE_Fuzzy-KinderMenschengruppeBallspielen_00000480.xml,2024-04-25_TUEV_Elchingen/Fuzzy-KinderMenschengruppeBallspielen.mp4,480,test,2.45,7,0,normal,holdout_ground_truth,manual_ground_truth,pending,,pending,,
railgoerl24_batch_001,178,images/test/178__2024-04-25_XRAISE_Fuzzy-KinderMenschengruppeBallspielen_00001470.jpg,imgs/2024-04-25_TUEV_Elchingen/Fuzzy-KinderMenschengruppeBallspielen.mp4/2024-04-25_XRAISE_Fuzzy-KinderMenschengruppeBallspielen_00001470.jpg,annots/2024-04-25_TUEV_Elchingen/Fuzzy-KinderMenschengruppeBallspielen.mp4/2024-04-25_XRAISE_Fuzzy-KinderMenschengruppeBallspielen_00001470.xml,2024-04-25_TUEV_Elchingen/Fuzzy-KinderMenschengruppeBallspielen.mp4,1470,test,2.45,6,0,normal,holdout_ground_truth,manual_ground_truth,pending,,pending,,
railgoerl24_batch_001,179,images/test/179__2024-04-25_XRAISE_Fuzzy-KinderMenschengruppeBallspielen_00002460.jpg,imgs/2024-04-25_TUEV_Elchingen/Fuzzy-KinderMenschengruppeBallspielen.mp4/2024-04-25_XRAISE_Fuzzy-KinderMenschengruppeBallspielen_00002460.jpg,annots/2024-04-25_TUEV_Elchingen/Fuzzy-KinderMenschengruppeBallspielen.mp4/2024-04-25_XRAISE_Fuzzy-KinderMenschengruppeBallspielen_00002460.xml,2024-04-25_TUEV_Elchingen/Fuzzy-KinderMenschengruppeBallspielen.mp4,2460,test,2.45,14,0,normal,holdout_ground_truth,manual_ground_truth,pending,,pending,,
railgoerl24_batch_001,180,images/test/180__2024-04-25_XRAISE_Fuzzy-KinderMenschengruppeBallspielen_00003450.jpg,imgs/2024-04-25_TUEV_Elchingen/Fuzzy-KinderMenschengruppeBallspielen.mp4/2024-04-25_XRAISE_Fuzzy-KinderMenschengruppeBallspielen_00003450.jpg,annots/2024-04-25_TUEV_Elchingen/Fuzzy-KinderMenschengruppeBallspielen.mp4/2024-04-25_XRAISE_Fuzzy-KinderMenschengruppeBallspielen_00003450.xml,2024-04-25_TUEV_Elchingen/Fuzzy-KinderMenschengruppeBallspielen.mp4,3450,test,2.45,13,0,normal,holdout_ground_truth,manual_ground_truth,pending,,pending,,
railgoerl24_batch_001,181,images/test/181__2024-04-25_XRAISE_Fuzzy-KinderMenschengruppeBallspielen_00004440.jpg,imgs/2024-04-25_TUEV_Elchingen/Fuzzy-KinderMenschengruppeBallspielen.mp4/2024-04-25_XRAISE_Fuzzy-KinderMenschengruppeBallspielen_00004440.jpg,annots/2024-04-25_TUEV_Elchingen/Fuzzy-KinderMenschengruppeBallspielen.mp4/2024-04-25_XRAISE_Fuzzy-KinderMenschengruppeBallspielen_00004440.xml,2024-04-25_TUEV_Elchingen/Fuzzy-KinderMenschengruppeBallspielen.mp4,4440,test,2.45,9,0,normal,holdout_ground_truth,manual_ground_truth,pending,,pending,,
railgoerl24_batch_001,182,images/test/182__2024-04-25_XRAISE_Fuzzy-KinderMenschengruppeBallspielen_00005430.jpg,imgs/2024-04-25_TUEV_Elchingen/Fuzzy-KinderMenschengruppeBallspielen.mp4/2024-04-25_XRAISE_Fuzzy-KinderMenschengruppeBallspielen_00005430.jpg,annots/2024-04-25_TUEV_Elchingen/Fuzzy-KinderMenschengruppeBallspielen.mp4/2024-04-25_XRAISE_Fuzzy-KinderMenschengruppeBallspielen_00005430.xml,2024-04-25_TUEV_Elchingen/Fuzzy-KinderMenschengruppeBallspielen.mp4,5430,test,2.45,8,0,normal,holdout_ground_truth,manual_ground_truth,pending,,pending,,
railgoerl24_batch_001,183,images/test/183__2024-04-25_XRAISE_Fuzzy-KinderMenschengruppeBallspielen_00006420.jpg,imgs/2024-04-25_TUEV_Elchingen/Fuzzy-KinderMenschengruppeBallspielen.mp4/2024-04-25_XRAISE_Fuzzy-KinderMenschengruppeBallspielen_00006420.jpg,annots/2024-04-25_TUEV_Elchingen/Fuzzy-KinderMenschengruppeBallspielen.mp4/2024-04-25_XRAISE_Fuzzy-KinderMenschengruppeBallspielen_00006420.xml,2024-04-25_TUEV_Elchingen/Fuzzy-KinderMenschengruppeBallspielen.mp4,6420,test,2.45,14,0,normal,holdout_ground_truth,manual_ground_truth,pending,,pending,,
railgoerl24_batch_001,184,images/test/184__2024-04-25_XRAISE_Fuzzy-KinderMenschengruppeBallspielen_00007410.jpg,imgs/2024-04-25_TUEV_Elchingen/Fuzzy-KinderMenschengruppeBallspielen.mp4/2024-04-25_XRAISE_Fuzzy-KinderMenschengruppeBallspielen_00007410.jpg,annots/2024-04-25_TUEV_Elchingen/Fuzzy-KinderMenschengruppeBallspielen.mp4/2024-04-25_XRAISE_Fuzzy-KinderMenschengruppeBallspielen_00007410.xml,2024-04-25_TUEV_Elchingen/Fuzzy-KinderMenschengruppeBallspielen.mp4,7410,test,2.45,11,0,normal,holdout_ground_truth,manual_ground_truth,pending,,pending,,
railgoerl24_batch_001,185,images/test/185__2024-04-25_XRAISE_Random_Fahrt_00000150.jpg,imgs/2024-04-25_TUEV_Elchingen/Random_Fahrt.mp4/2024-04-25_XRAISE_Random_Fahrt_00000150.jpg,annots/2024-04-25_TUEV_Elchingen/Random_Fahrt.mp4/2024-04-25_XRAISE_Random_Fahrt_00000150.xml,2024-04-25_TUEV_Elchingen/Random_Fahrt.mp4,150,test,2.45,4,0,normal,holdout_ground_truth,manual_ground_truth,pending,,pending,,
railgoerl24_batch_001,186,images/test/186__2024-04-25_XRAISE_Random_Fahrt_00000465.jpg,imgs/2024-04-25_TUEV_Elchingen/Random_Fahrt.mp4/2024-04-25_XRAISE_Random_Fahrt_00000465.jpg,annots/2024-04-25_TUEV_Elchingen/Random_Fahrt.mp4/2024-04-25_XRAISE_Random_Fahrt_00000465.xml,2024-04-25_TUEV_Elchingen/Random_Fahrt.mp4,465,test,2.45,2,0,normal,holdout_ground_truth,manual_ground_truth,pending,,pending,,
railgoerl24_batch_001,187,images/test/187__2024-04-25_XRAISE_Random_Fahrt_00000780.jpg,imgs/2024-04-25_TUEV_Elchingen/Random_Fahrt.mp4/2024-04-25_XRAISE_Random_Fahrt_00000780.jpg,annots/2024-04-25_TUEV_Elchingen/Random_Fahrt.mp4/2024-04-25_XRAISE_Random_Fahrt_00000780.xml,2024-04-25_TUEV_Elchingen/Random_Fahrt.mp4,780,test,2.45,0,0,normal,holdout_ground_truth,manual_ground_truth,pending,,pending,,
railgoerl24_batch_001,188,images/test/188__2024-04-25_XRAISE_Random_Fahrt_00001095.jpg,imgs/2024-04-25_TUEV_Elchingen/Random_Fahrt.mp4/2024-04-25_XRAISE_Random_Fahrt_00001095.jpg,annots/2024-04-25_TUEV_Elchingen/Random_Fahrt.mp4/2024-04-25_XRAISE_Random_Fahrt_00001095.xml,2024-04-25_TUEV_Elchingen/Random_Fahrt.mp4,1095,test,2.45,1,0,normal,holdout_ground_truth,manual_ground_truth,pending,,pending,,
railgoerl24_batch_001,189,images/test/189__2024-04-25_XRAISE_Random_Fahrt_00001395.jpg,imgs/2024-04-25_TUEV_Elchingen/Random_Fahrt.mp4/2024-04-25_XRAISE_Random_Fahrt_00001395.jpg,annots/2024-04-25_TUEV_Elchingen/Random_Fahrt.mp4/2024-04-25_XRAISE_Random_Fahrt_00001395.xml,2024-04-25_TUEV_Elchingen/Random_Fahrt.mp4,1395,test,2.45,2,0,normal,holdout_ground_truth,manual_ground_truth,pending,,pending,,
railgoerl24_batch_001,190,images/test/190__2024-04-25_XRAISE_Random_Fahrt_00001710.jpg,imgs/2024-04-25_TUEV_Elchingen/Random_Fahrt.mp4/2024-04-25_XRAISE_Random_Fahrt_00001710.jpg,annots/2024-04-25_TUEV_Elchingen/Random_Fahrt.mp4/2024-04-25_XRAISE_Random_Fahrt_00001710.xml,2024-04-25_TUEV_Elchingen/Random_Fahrt.mp4,1710,test,2.45,2,0,normal,holdout_ground_truth,manual_ground_truth,pending,,pending,,
railgoerl24_batch_001,191,images/test/191__2024-04-25_XRAISE_Random_Fahrt_00002025.jpg,imgs/2024-04-25_TUEV_Elchingen/Random_Fahrt.mp4/2024-04-25_XRAISE_Random_Fahrt_00002025.jpg,annots/2024-04-25_TUEV_Elchingen/Random_Fahrt.mp4/2024-04-25_XRAISE_Random_Fahrt_00002025.xml,2024-04-25_TUEV_Elchingen/Random_Fahrt.mp4,2025,test,2.45,4,0,normal,holdout_ground_truth,manual_ground_truth,pending,,pending,,
railgoerl24_batch_001,192,images/test/192__2024-04-25_XRAISE_Random_Fahrt_00002340.jpg,imgs/2024-04-25_TUEV_Elchingen/Random_Fahrt.mp4/2024-04-25_XRAISE_Random_Fahrt_00002340.jpg,annots/2024-04-25_TUEV_Elchingen/Random_Fahrt.mp4/2024-04-25_XRAISE_Random_Fahrt_00002340.xml,2024-04-25_TUEV_Elchingen/Random_Fahrt.mp4,2340,test,2.45,0,0,normal,holdout_ground_truth,manual_ground_truth,pending,,pending,,
railgoerl24_batch_001,193,images/test/193__2024-04-25_XRAISE_Vorbeifahren-bei-Gruppen_00000705.jpg,imgs/2024-04-25_TUEV_Elchingen/Vorbeifahren-bei-Gruppen.mp4/2024-04-25_XRAISE_Vorbeifahren-bei-Gruppen_00000705.jpg,annots/2024-04-25_TUEV_Elchingen/Vorbeifahren-bei-Gruppen.mp4/2024-04-25_XRAISE_Vorbeifahren-bei-Gruppen_00000705.xml,2024-04-25_TUEV_Elchingen/Vorbeifahren-bei-Gruppen.mp4,705,test,2.45,3,0,normal,holdout_ground_truth,manual_ground_truth,pending,,pending,,
railgoerl24_batch_001,194,images/test/194__2024-04-25_XRAISE_Vorbeifahren-bei-Gruppen_00002145.jpg,imgs/2024-04-25_TUEV_Elchingen/Vorbeifahren-bei-Gruppen.mp4/2024-04-25_XRAISE_Vorbeifahren-bei-Gruppen_00002145.jpg,annots/2024-04-25_TUEV_Elchingen/Vorbeifahren-bei-Gruppen.mp4/2024-04-25_XRAISE_Vorbeifahren-bei-Gruppen_00002145.xml,2024-04-25_TUEV_Elchingen/Vorbeifahren-bei-Gruppen.mp4,2145,test,2.45,2,0,normal,holdout_ground_truth,manual_ground_truth,pending,,pending,,
railgoerl24_batch_001,195,images/test/195__2024-04-25_XRAISE_Vorbeifahren-bei-Gruppen_00003585.jpg,imgs/2024-04-25_TUEV_Elchingen/Vorbeifahren-bei-Gruppen.mp4/2024-04-25_XRAISE_Vorbeifahren-bei-Gruppen_00003585.jpg,annots/2024-04-25_TUEV_Elchingen/Vorbeifahren-bei-Gruppen.mp4/2024-04-25_XRAISE_Vorbeifahren-bei-Gruppen_00003585.xml,2024-04-25_TUEV_Elchingen/Vorbeifahren-bei-Gruppen.mp4,3585,test,2.45,0,0,normal,holdout_ground_truth,manual_ground_truth,pending,,pending,,
railgoerl24_batch_001,196,images/test/196__2024-04-25_XRAISE_Vorbeifahren-bei-Gruppen_00005025.jpg,imgs/2024-04-25_TUEV_Elchingen/Vorbeifahren-bei-Gruppen.mp4/2024-04-25_XRAISE_Vorbeifahren-bei-Gruppen_00005025.jpg,annots/2024-04-25_TUEV_Elchingen/Vorbeifahren-bei-Gruppen.mp4/2024-04-25_XRAISE_Vorbeifahren-bei-Gruppen_00005025.xml,2024-04-25_TUEV_Elchingen/Vorbeifahren-bei-Gruppen.mp4,5025,test,2.45,0,0,normal,holdout_ground_truth,manual_ground_truth,pending,,pending,,
railgoerl24_batch_001,197,images/test/197__2024-04-25_XRAISE_Vorbeifahren-bei-Gruppen_00006450.jpg,imgs/2024-04-25_TUEV_Elchingen/Vorbeifahren-bei-Gruppen.mp4/2024-04-25_XRAISE_Vorbeifahren-bei-Gruppen_00006450.jpg,annots/2024-04-25_TUEV_Elchingen/Vorbeifahren-bei-Gruppen.mp4/2024-04-25_XRAISE_Vorbeifahren-bei-Gruppen_00006450.xml,2024-04-25_TUEV_Elchingen/Vorbeifahren-bei-Gruppen.mp4,6450,test,2.45,0,0,normal,holdout_ground_truth,manual_ground_truth,pending,,pending,,
railgoerl24_batch_001,198,images/test/198__2024-04-25_XRAISE_Vorbeifahren-bei-Gruppen_00007890.jpg,imgs/2024-04-25_TUEV_Elchingen/Vorbeifahren-bei-Gruppen.mp4/2024-04-25_XRAISE_Vorbeifahren-bei-Gruppen_00007890.jpg,annots/2024-04-25_TUEV_Elchingen/Vorbeifahren-bei-Gruppen.mp4/2024-04-25_XRAISE_Vorbeifahren-bei-Gruppen_00007890.xml,2024-04-25_TUEV_Elchingen/Vorbeifahren-bei-Gruppen.mp4,7890,test,2.45,0,0,normal,holdout_ground_truth,manual_ground_truth,pending,,pending,,
railgoerl24_batch_001,199,images/test/199__2024-04-25_XRAISE_Vorbeifahren-bei-Gruppen_00009330.jpg,imgs/2024-04-25_TUEV_Elchingen/Vorbeifahren-bei-Gruppen.mp4/2024-04-25_XRAISE_Vorbeifahren-bei-Gruppen_00009330.jpg,annots/2024-04-25_TUEV_Elchingen/Vorbeifahren-bei-Gruppen.mp4/2024-04-25_XRAISE_Vorbeifahren-bei-Gruppen_00009330.xml,2024-04-25_TUEV_Elchingen/Vorbeifahren-bei-Gruppen.mp4,9330,test,2.45,0,0,normal,holdout_ground_truth,manual_ground_truth,pending,,pending,,
railgoerl24_batch_001,200,images/test/200__2024-04-25_XRAISE_Vorbeifahren-bei-Gruppen_00010770.jpg,imgs/2024-04-25_TUEV_Elchingen/Vorbeifahren-bei-Gruppen.mp4/2024-04-25_XRAISE_Vorbeifahren-bei-Gruppen_00010770.jpg,annots/2024-04-25_TUEV_Elchingen/Vorbeifahren-bei-Gruppen.mp4/2024-04-25_XRAISE_Vorbeifahren-bei-Gruppen_00010770.xml,2024-04-25_TUEV_Elchingen/Vorbeifahren-bei-Gruppen.mp4,10770,test,2.45,0,0,normal,holdout_ground_truth,manual_ground_truth,pending,,pending,,
